datetime,count
2022-10-01 06:00:00,0.0
2022-10-01 06:30:00,0.0
2022-10-01 07:00:00,0.0
2022-10-01 07:30:00,0.0
2022-10-01 08:00:00,0.0
2022-10-01 08:30:00,0.0
2022-10-01 09:00:00,1.0
2022-10-01 09:30:00,1.0
2022-10-01 10:00:00,0.0
2022-10-01 10:30:00,0.0
2022-10-01 11:00:00,0.0
2022-10-01 11:30:00,1.0
2022-10-01 12:00:00,4.0
2022-10-01 12:30:00,3.0
2022-10-01 13:00:00,5.0
2022-10-01 13:30:00,4.0
2022-10-01 14:00:00,0.0
2022-10-01 14:30:00,0.0
2022-10-01 15:00:00,0.0
2022-10-01 15:30:00,0.0
2022-10-01 16:00:00,0.0
2022-10-01 16:30:00,1.0
2022-10-01 17:00:00,0.0
2022-10-01 17:30:00,0.0
2022-10-01 18:00:00,5.0
2022-10-01 18:30:00,1.0
2022-10-01 19:00:00,3.0
2022-10-01 19:30:00,5.0
2022-10-01 20:00:00,0.0
2022-10-01 20:30:00,1.0
2022-10-01 21:00:00,0.0
2022-10-01 21:30:00,0.0
2022-10-02 06:00:00,0.0
2022-10-02 06:30:00,2.0
2022-10-02 07:00:00,0.0
2022-10-02 07:30:00,0.0
2022-10-02 08:00:00,0.0
2022-10-02 08:30:00,1.0
2022-10-02 09:00:00,2.0
2022-10-02 09:30:00,1.0
2022-10-02 10:00:00,0.0
2022-10-02 10:30:00,0.0
2022-10-02 11:00:00,3.0
2022-10-02 11:30:00,0.0
2022-10-02 12:00:00,4.0
2022-10-02 12:30:00,5.0
2022-10-02 13:00:00,3.0
2022-10-02 13:30:00,4.0
2022-10-02 14:00:00,0.0
2022-10-02 14:30:00,0.0
2022-10-02 15:00:00,2.0
2022-10-02 15:30:00,2.0
2022-10-02 16:00:00,0.0
2022-10-02 16:30:00,0.0
2022-10-02 17:00:00,0.0
2022-10-02 17:30:00,0.0
2022-10-02 18:00:00,5.0
2022-10-02 18:30:00,5.0
2022-10-02 19:00:00,5.0
2022-10-02 19:30:00,4.0
2022-10-02 20:00:00,1.0
2022-10-02 20:30:00,0.0
2022-10-02 21:00:00,0.0
2022-10-02 21:30:00,1.0
2022-10-03 06:00:00,1.0
2022-10-03 06:30:00,1.0
2022-10-03 07:00:00,0.0
2022-10-03 07:30:00,0.0
2022-10-03 08:00:00,0.0
2022-10-03 08:30:00,1.0
2022-10-03 09:00:00,0.0
2022-10-03 09:30:00,1.0
2022-10-03 10:00:00,1.0
2022-10-03 10:30:00,0.0
2022-10-03 11:00:00,1.0
2022-10-03 11:30:00,1.0
2022-10-03 12:00:00,3.0
2022-10-03 12:30:00,4.0
2022-10-03 13:00:00,6.0
2022-10-03 13:30:00,6.0
2022-10-03 14:00:00,0.0
2022-10-03 14:30:00,0.0
2022-10-03 15:00:00,1.0
2022-10-03 15:30:00,0.0
2022-10-03 16:00:00,1.0
2022-10-03 16:30:00,0.0
2022-10-03 17:00:00,0.0
2022-10-03 17:30:00,1.0
2022-10-03 18:00:00,3.0
2022-10-03 18:30:00,5.0
2022-10-03 19:00:00,4.0
2022-10-03 19:30:00,4.0
2022-10-03 20:00:00,0.0
2022-10-03 20:30:00,0.0
2022-10-03 21:00:00,1.0
2022-10-03 21:30:00,0.0
2022-10-04 06:00:00,1.0
2022-10-04 06:30:00,2.0
2022-10-04 07:00:00,0.0
2022-10-04 07:30:00,0.0
2022-10-04 08:00:00,1.0
2022-10-04 08:30:00,0.0
2022-10-04 09:00:00,1.0
2022-10-04 09:30:00,0.0
2022-10-04 10:00:00,0.0
2022-10-04 10:30:00,1.0
2022-10-04 11:00:00,1.0
2022-10-04 11:30:00,0.0
2022-10-04 12:00:00,5.0
2022-10-04 12:30:00,5.0
2022-10-04 13:00:00,5.0
2022-10-04 13:30:00,5.0
2022-10-04 14:00:00,0.0
2022-10-04 14:30:00,0.0
2022-10-04 15:00:00,0.0
2022-10-04 15:30:00,0.0
2022-10-04 16:00:00,0.0
2022-10-04 16:30:00,2.0
2022-10-04 17:00:00,1.0
2022-10-04 17:30:00,0.0
2022-10-04 18:00:00,4.0
2022-10-04 18:30:00,4.0
2022-10-04 19:00:00,4.0
2022-10-04 19:30:00,2.0
2022-10-04 20:00:00,1.0
2022-10-04 20:30:00,0.0
2022-10-04 21:00:00,0.0
2022-10-04 21:30:00,0.0
2022-10-05 06:00:00,0.0
2022-10-05 06:30:00,0.0
2022-10-05 07:00:00,0.0
2022-10-05 07:30:00,0.0
2022-10-05 08:00:00,0.0
2022-10-05 08:30:00,0.0
2022-10-05 09:00:00,0.0
2022-10-05 09:30:00,0.0
2022-10-05 10:00:00,2.0
2022-10-05 10:30:00,0.0
2022-10-05 11:00:00,1.0
2022-10-05 11:30:00,0.0
2022-10-05 12:00:00,3.0
2022-10-05 12:30:00,2.0
2022-10-05 13:00:00,4.0
2022-10-05 13:30:00,6.0
2022-10-05 14:00:00,1.0
2022-10-05 14:30:00,0.0
2022-10-05 15:00:00,0.0
2022-10-05 15:30:00,0.0
2022-10-05 16:00:00,0.0
2022-10-05 16:30:00,1.0
2022-10-05 17:00:00,0.0
2022-10-05 17:30:00,0.0
2022-10-05 18:00:00,3.0
2022-10-05 18:30:00,4.0
2022-10-05 19:00:00,5.0
2022-10-05 19:30:00,2.0
2022-10-05 20:00:00,1.0
2022-10-05 20:30:00,0.0
2022-10-05 21:00:00,1.0
2022-10-05 21:30:00,0.0
2022-10-06 06:00:00,0.0
2022-10-06 06:30:00,0.0
2022-10-06 07:00:00,0.0
2022-10-06 07:30:00,1.0
2022-10-06 08:00:00,0.0
2022-10-06 08:30:00,0.0
2022-10-06 09:00:00,0.0
2022-10-06 09:30:00,2.0
2022-10-06 10:00:00,0.0
2022-10-06 10:30:00,1.0
2022-10-06 11:00:00,0.0
2022-10-06 11:30:00,0.0
2022-10-06 12:00:00,4.0
2022-10-06 12:30:00,5.0
2022-10-06 13:00:00,5.0
2022-10-06 13:30:00,3.0
2022-10-06 14:00:00,1.0
2022-10-06 14:30:00,0.0
2022-10-06 15:00:00,0.0
2022-10-06 15:30:00,0.0
2022-10-06 16:00:00,1.0
2022-10-06 16:30:00,0.0
2022-10-06 17:00:00,0.0
2022-10-06 17:30:00,0.0
2022-10-06 18:00:00,4.0
2022-10-06 18:30:00,3.0
2022-10-06 19:00:00,5.0
2022-10-06 19:30:00,4.0
2022-10-06 20:00:00,1.0
2022-10-06 20:30:00,1.0
2022-10-06 21:00:00,0.0
2022-10-06 21:30:00,2.0
2022-10-07 06:00:00,0.0
2022-10-07 06:30:00,1.0
2022-10-07 07:00:00,0.0
2022-10-07 07:30:00,0.0
2022-10-07 08:00:00,0.0
2022-10-07 08:30:00,0.0
2022-10-07 09:00:00,0.0
2022-10-07 09:30:00,0.0
2022-10-07 10:00:00,0.0
2022-10-07 10:30:00,0.0
2022-10-07 11:00:00,0.0
2022-10-07 11:30:00,1.0
2022-10-07 12:00:00,4.0
2022-10-07 12:30:00,4.0
2022-10-07 13:00:00,4.0
2022-10-07 13:30:00,6.0
2022-10-07 14:00:00,0.0
2022-10-07 14:30:00,0.0
2022-10-07 15:00:00,0.0
2022-10-07 15:30:00,0.0
2022-10-07 16:00:00,1.0
2022-10-07 16:30:00,1.0
2022-10-07 17:00:00,0.0
2022-10-07 17:30:00,0.0
2022-10-07 18:00:00,7.0
2022-10-07 18:30:00,4.0
2022-10-07 19:00:00,4.0
2022-10-07 19:30:00,2.0
2022-10-07 20:00:00,0.0
2022-10-07 20:30:00,1.0
2022-10-07 21:00:00,0.0
2022-10-07 21:30:00,2.0
2022-10-08 06:00:00,0.0
2022-10-08 06:30:00,1.0
2022-10-08 07:00:00,0.0
2022-10-08 07:30:00,0.0
2022-10-08 08:00:00,0.0
2022-10-08 08:30:00,1.0
2022-10-08 09:00:00,0.0
2022-10-08 09:30:00,1.0
2022-10-08 10:00:00,0.0
2022-10-08 10:30:00,0.0
2022-10-08 11:00:00,0.0
2022-10-08 11:30:00,0.0
2022-10-08 12:00:00,2.0
2022-10-08 12:30:00,6.0
2022-10-08 13:00:00,5.0
2022-10-08 13:30:00,4.0
2022-10-08 14:00:00,0.0
2022-10-08 14:30:00,1.0
2022-10-08 15:00:00,1.0
2022-10-08 15:30:00,1.0
2022-10-08 16:00:00,0.0
2022-10-08 16:30:00,0.0
2022-10-08 17:00:00,1.0
2022-10-08 17:30:00,2.0
2022-10-08 18:00:00,6.0
2022-10-08 18:30:00,4.0
2022-10-08 19:00:00,3.0
2022-10-08 19:30:00,3.0
2022-10-08 20:00:00,0.0
2022-10-08 20:30:00,0.0
2022-10-08 21:00:00,0.0
2022-10-08 21:30:00,0.0
2022-10-09 06:00:00,0.0
2022-10-09 06:30:00,0.0
2022-10-09 07:00:00,0.0
2022-10-09 07:30:00,0.0
2022-10-09 08:00:00,0.0
2022-10-09 08:30:00,0.0
2022-10-09 09:00:00,0.0
2022-10-09 09:30:00,0.0
2022-10-09 10:00:00,0.0
2022-10-09 10:30:00,0.0
2022-10-09 11:00:00,0.0
2022-10-09 11:30:00,0.0
2022-10-09 12:00:00,4.0
2022-10-09 12:30:00,4.0
2022-10-09 13:00:00,2.0
2022-10-09 13:30:00,4.0
2022-10-09 14:00:00,1.0
2022-10-09 14:30:00,0.0
2022-10-09 15:00:00,1.0
2022-10-09 15:30:00,0.0
2022-10-09 16:00:00,1.0
2022-10-09 16:30:00,3.0
2022-10-09 17:00:00,1.0
2022-10-09 17:30:00,0.0
2022-10-09 18:00:00,4.0
2022-10-09 18:30:00,5.0
2022-10-09 19:00:00,5.0
2022-10-09 19:30:00,4.0
2022-10-09 20:00:00,0.0
2022-10-09 20:30:00,0.0
2022-10-09 21:00:00,0.0
2022-10-09 21:30:00,0.0
2022-10-10 06:00:00,0.0
2022-10-10 06:30:00,0.0
2022-10-10 07:00:00,0.0
2022-10-10 07:30:00,1.0
2022-10-10 08:00:00,0.0
2022-10-10 08:30:00,1.0
2022-10-10 09:00:00,0.0
2022-10-10 09:30:00,0.0
2022-10-10 10:00:00,0.0
2022-10-10 10:30:00,0.0
2022-10-10 11:00:00,0.0
2022-10-10 11:30:00,1.0
2022-10-10 12:00:00,4.0
2022-10-10 12:30:00,5.0
2022-10-10 13:00:00,3.0
2022-10-10 13:30:00,1.0
2022-10-10 14:00:00,0.0
2022-10-10 14:30:00,0.0
2022-10-10 15:00:00,0.0
2022-10-10 15:30:00,1.0
2022-10-10 16:00:00,1.0
2022-10-10 16:30:00,0.0
2022-10-10 17:00:00,0.0
2022-10-10 17:30:00,0.0
2022-10-10 18:00:00,3.0
2022-10-10 18:30:00,3.0
2022-10-10 19:00:00,6.0
2022-10-10 19:30:00,4.0
2022-10-10 20:00:00,0.0
2022-10-10 20:30:00,0.0
2022-10-10 21:00:00,0.0
2022-10-10 21:30:00,1.0
2022-10-11 06:00:00,1.0
2022-10-11 06:30:00,0.0
2022-10-11 07:00:00,1.0
2022-10-11 07:30:00,0.0
2022-10-11 08:00:00,0.0
2022-10-11 08:30:00,1.0
2022-10-11 09:00:00,1.0
2022-10-11 09:30:00,0.0
2022-10-11 10:00:00,0.0
2022-10-11 10:30:00,0.0
2022-10-11 11:00:00,0.0
2022-10-11 11:30:00,1.0
2022-10-11 12:00:00,5.0
2022-10-11 12:30:00,5.0
2022-10-11 13:00:00,5.0
2022-10-11 13:30:00,5.0
2022-10-11 14:00:00,0.0
2022-10-11 14:30:00,0.0
2022-10-11 15:00:00,0.0
2022-10-11 15:30:00,1.0
2022-10-11 16:00:00,0.0
2022-10-11 16:30:00,0.0
2022-10-11 17:00:00,0.0
2022-10-11 17:30:00,0.0
2022-10-11 18:00:00,4.0
2022-10-11 18:30:00,4.0
2022-10-11 19:00:00,5.0
2022-10-11 19:30:00,4.0
2022-10-11 20:00:00,0.0
2022-10-11 20:30:00,0.0
2022-10-11 21:00:00,0.0
2022-10-11 21:30:00,1.0
2022-10-12 06:00:00,0.0
2022-10-12 06:30:00,0.0
2022-10-12 07:00:00,0.0
2022-10-12 07:30:00,1.0
2022-10-12 08:00:00,0.0
2022-10-12 08:30:00,0.0
2022-10-12 09:00:00,0.0
2022-10-12 09:30:00,0.0
2022-10-12 10:00:00,0.0
2022-10-12 10:30:00,0.0
2022-10-12 11:00:00,1.0
2022-10-12 11:30:00,0.0
2022-10-12 12:00:00,5.0
2022-10-12 12:30:00,5.0
2022-10-12 13:00:00,5.0
2022-10-12 13:30:00,3.0
2022-10-12 14:00:00,1.0
2022-10-12 14:30:00,0.0
2022-10-12 15:00:00,0.0
2022-10-12 15:30:00,0.0
2022-10-12 16:00:00,0.0
2022-10-12 16:30:00,0.0
2022-10-12 17:00:00,0.0
2022-10-12 17:30:00,0.0
2022-10-12 18:00:00,6.0
2022-10-12 18:30:00,6.0
2022-10-12 19:00:00,6.0
2022-10-12 19:30:00,4.0
2022-10-12 20:00:00,0.0
2022-10-12 20:30:00,0.0
2022-10-12 21:00:00,2.0
2022-10-12 21:30:00,0.0
2022-10-13 06:00:00,0.0
2022-10-13 06:30:00,0.0
2022-10-13 07:00:00,0.0
2022-10-13 07:30:00,0.0
2022-10-13 08:00:00,0.0
2022-10-13 08:30:00,2.0
2022-10-13 09:00:00,0.0
2022-10-13 09:30:00,0.0
2022-10-13 10:00:00,1.0
2022-10-13 10:30:00,0.0
2022-10-13 11:00:00,0.0
2022-10-13 11:30:00,2.0
2022-10-13 12:00:00,4.0
2022-10-13 12:30:00,3.0
2022-10-13 13:00:00,3.0
2022-10-13 13:30:00,3.0
2022-10-13 14:00:00,0.0
2022-10-13 14:30:00,0.0
2022-10-13 15:00:00,1.0
2022-10-13 15:30:00,0.0
2022-10-13 16:00:00,0.0
2022-10-13 16:30:00,1.0
2022-10-13 17:00:00,2.0
2022-10-13 17:30:00,0.0
2022-10-13 18:00:00,4.0
2022-10-13 18:30:00,4.0
2022-10-13 19:00:00,4.0
2022-10-13 19:30:00,3.0
2022-10-13 20:00:00,1.0
2022-10-13 20:30:00,0.0
2022-10-13 21:00:00,1.0
2022-10-13 21:30:00,0.0
2022-10-14 06:00:00,0.0
2022-10-14 06:30:00,0.0
2022-10-14 07:00:00,0.0
2022-10-14 07:30:00,0.0
2022-10-14 08:00:00,1.0
2022-10-14 08:30:00,0.0
2022-10-14 09:00:00,1.0
2022-10-14 09:30:00,0.0
2022-10-14 10:00:00,0.0
2022-10-14 10:30:00,1.0
2022-10-14 11:00:00,1.0
2022-10-14 11:30:00,0.0
2022-10-14 12:00:00,4.0
2022-10-14 12:30:00,3.0
2022-10-14 13:00:00,4.0
2022-10-14 13:30:00,5.0
2022-10-14 14:00:00,0.0
2022-10-14 14:30:00,0.0
2022-10-14 15:00:00,0.0
2022-10-14 15:30:00,0.0
2022-10-14 16:00:00,0.0
2022-10-14 16:30:00,0.0
2022-10-14 17:00:00,1.0
2022-10-14 17:30:00,1.0
2022-10-14 18:00:00,3.0
2022-10-14 18:30:00,3.0
2022-10-14 19:00:00,5.0
2022-10-14 19:30:00,4.0
2022-10-14 20:00:00,1.0
2022-10-14 20:30:00,0.0
2022-10-14 21:00:00,1.0
2022-10-14 21:30:00,0.0
2022-10-15 06:00:00,0.0
2022-10-15 06:30:00,0.0
2022-10-15 07:00:00,0.0
2022-10-15 07:30:00,0.0
2022-10-15 08:00:00,0.0
2022-10-15 08:30:00,2.0
2022-10-15 09:00:00,0.0
2022-10-15 09:30:00,0.0
2022-10-15 10:00:00,2.0
2022-10-15 10:30:00,0.0
2022-10-15 11:00:00,0.0
2022-10-15 11:30:00,2.0
2022-10-15 12:00:00,5.0
2022-10-15 12:30:00,4.0
2022-10-15 13:00:00,4.0
2022-10-15 13:30:00,4.0
2022-10-15 14:00:00,1.0
2022-10-15 14:30:00,1.0
2022-10-15 15:00:00,1.0
2022-10-15 15:30:00,1.0
2022-10-15 16:00:00,3.0
2022-10-15 16:30:00,3.0
2022-10-15 17:00:00,0.0
2022-10-15 17:30:00,1.0
2022-10-15 18:00:00,4.0
2022-10-15 18:30:00,4.0
2022-10-15 19:00:00,5.0
2022-10-15 19:30:00,4.0
2022-10-15 20:00:00,2.0
2022-10-15 20:30:00,1.0
2022-10-15 21:00:00,1.0
2022-10-15 21:30:00,1.0
2022-10-16 06:00:00,1.0
2022-10-16 06:30:00,0.0
2022-10-16 07:00:00,1.0
2022-10-16 07:30:00,1.0
2022-10-16 08:00:00,0.0
2022-10-16 08:30:00,0.0
2022-10-16 09:00:00,1.0
2022-10-16 09:30:00,1.0
2022-10-16 10:00:00,0.0
2022-10-16 10:30:00,1.0
2022-10-16 11:00:00,1.0
2022-10-16 11:30:00,1.0
2022-10-16 12:00:00,4.0
2022-10-16 12:30:00,3.0
2022-10-16 13:00:00,5.0
2022-10-16 13:30:00,4.0
2022-10-16 14:00:00,1.0
2022-10-16 14:30:00,0.0
2022-10-16 15:00:00,1.0
2022-10-16 15:30:00,0.0
2022-10-16 16:00:00,0.0
2022-10-16 16:30:00,0.0
2022-10-16 17:00:00,1.0
2022-10-16 17:30:00,0.0
2022-10-16 18:00:00,5.0
2022-10-16 18:30:00,4.0
2022-10-16 19:00:00,5.0
2022-10-16 19:30:00,4.0
2022-10-16 20:00:00,0.0
2022-10-16 20:30:00,1.0
2022-10-16 21:00:00,0.0
2022-10-16 21:30:00,0.0
2022-10-17 06:00:00,0.0
2022-10-17 06:30:00,3.0
2022-10-17 07:00:00,0.0
2022-10-17 07:30:00,0.0
2022-10-17 08:00:00,0.0
2022-10-17 08:30:00,2.0
2022-10-17 09:00:00,2.0
2022-10-17 09:30:00,1.0
2022-10-17 10:00:00,2.0
2022-10-17 10:30:00,0.0
2022-10-17 11:00:00,0.0
2022-10-17 11:30:00,0.0
2022-10-17 12:00:00,4.0
2022-10-17 12:30:00,5.0
2022-10-17 13:00:00,3.0
2022-10-17 13:30:00,5.0
2022-10-17 14:00:00,0.0
2022-10-17 14:30:00,0.0
2022-10-17 15:00:00,0.0
2022-10-17 15:30:00,0.0
2022-10-17 16:00:00,0.0
2022-10-17 16:30:00,1.0
2022-10-17 17:00:00,0.0
2022-10-17 17:30:00,0.0
2022-10-17 18:00:00,3.0
2022-10-17 18:30:00,4.0
2022-10-17 19:00:00,5.0
2022-10-17 19:30:00,5.0
2022-10-17 20:00:00,0.0
2022-10-17 20:30:00,1.0
2022-10-17 21:00:00,0.0
2022-10-17 21:30:00,1.0
2022-10-18 06:00:00,0.0
2022-10-18 06:30:00,1.0
2022-10-18 07:00:00,0.0
2022-10-18 07:30:00,0.0
2022-10-18 08:00:00,0.0
2022-10-18 08:30:00,0.0
2022-10-18 09:00:00,1.0
2022-10-18 09:30:00,0.0
2022-10-18 10:00:00,0.0
2022-10-18 10:30:00,0.0
2022-10-18 11:00:00,0.0
2022-10-18 11:30:00,0.0
2022-10-18 12:00:00,3.0
2022-10-18 12:30:00,6.0
2022-10-18 13:00:00,4.0
2022-10-18 13:30:00,3.0
2022-10-18 14:00:00,1.0
2022-10-18 14:30:00,0.0
2022-10-18 15:00:00,1.0
2022-10-18 15:30:00,1.0
2022-10-18 16:00:00,2.0
2022-10-18 16:30:00,0.0
2022-10-18 17:00:00,0.0
2022-10-18 17:30:00,0.0
2022-10-18 18:00:00,5.0
2022-10-18 18:30:00,4.0
2022-10-18 19:00:00,6.0
2022-10-18 19:30:00,3.0
2022-10-18 20:00:00,0.0
2022-10-18 20:30:00,0.0
2022-10-18 21:00:00,1.0
2022-10-18 21:30:00,0.0
2022-10-19 06:00:00,0.0
2022-10-19 06:30:00,0.0
2022-10-19 07:00:00,1.0
2022-10-19 07:30:00,1.0
2022-10-19 08:00:00,0.0
2022-10-19 08:30:00,3.0
2022-10-19 09:00:00,2.0
2022-10-19 09:30:00,2.0
2022-10-19 10:00:00,1.0
2022-10-19 10:30:00,0.0
2022-10-19 11:00:00,0.0
2022-10-19 11:30:00,0.0
2022-10-19 12:00:00,3.0
2022-10-19 12:30:00,5.0
2022-10-19 13:00:00,5.0
2022-10-19 13:30:00,3.0
2022-10-19 14:00:00,0.0
2022-10-19 14:30:00,0.0
2022-10-19 15:00:00,0.0
2022-10-19 15:30:00,1.0
2022-10-19 16:00:00,0.0
2022-10-19 16:30:00,1.0
2022-10-19 17:00:00,2.0
2022-10-19 17:30:00,2.0
2022-10-19 18:00:00,5.0
2022-10-19 18:30:00,5.0
2022-10-19 19:00:00,4.0
2022-10-19 19:30:00,3.0
2022-10-19 20:00:00,0.0
2022-10-19 20:30:00,1.0
2022-10-19 21:00:00,0.0
2022-10-19 21:30:00,0.0
2022-10-20 06:00:00,0.0
2022-10-20 06:30:00,0.0
2022-10-20 07:00:00,0.0
2022-10-20 07:30:00,0.0
2022-10-20 08:00:00,0.0
2022-10-20 08:30:00,0.0
2022-10-20 09:00:00,0.0
2022-10-20 09:30:00,0.0
2022-10-20 10:00:00,0.0
2022-10-20 10:30:00,0.0
2022-10-20 11:00:00,1.0
2022-10-20 11:30:00,2.0
2022-10-20 12:00:00,4.0
2022-10-20 12:30:00,4.0
2022-10-20 13:00:00,4.0
2022-10-20 13:30:00,3.0
2022-10-20 14:00:00,0.0
2022-10-20 14:30:00,2.0
2022-10-20 15:00:00,0.0
2022-10-20 15:30:00,0.0
2022-10-20 16:00:00,0.0
2022-10-20 16:30:00,0.0
2022-10-20 17:00:00,1.0
2022-10-20 17:30:00,0.0
2022-10-20 18:00:00,3.0
2022-10-20 18:30:00,4.0
2022-10-20 19:00:00,5.0
2022-10-20 19:30:00,4.0
2022-10-20 20:00:00,0.0
2022-10-20 20:30:00,2.0
2022-10-20 21:00:00,0.0
2022-10-20 21:30:00,1.0
2022-10-21 06:00:00,0.0
2022-10-21 06:30:00,1.0
2022-10-21 07:00:00,0.0
2022-10-21 07:30:00,1.0
2022-10-21 08:00:00,0.0
2022-10-21 08:30:00,1.0
2022-10-21 09:00:00,0.0
2022-10-21 09:30:00,0.0
2022-10-21 10:00:00,0.0
2022-10-21 10:30:00,0.0
2022-10-21 11:00:00,0.0
2022-10-21 11:30:00,0.0
2022-10-21 12:00:00,3.0
2022-10-21 12:30:00,4.0
2022-10-21 13:00:00,3.0
2022-10-21 13:30:00,4.0
2022-10-21 14:00:00,0.0
2022-10-21 14:30:00,2.0
2022-10-21 15:00:00,1.0
2022-10-21 15:30:00,0.0
2022-10-21 16:00:00,0.0
2022-10-21 16:30:00,0.0
2022-10-21 17:00:00,0.0
2022-10-21 17:30:00,0.0
2022-10-21 18:00:00,4.0
2022-10-21 18:30:00,4.0
2022-10-21 19:00:00,4.0
2022-10-21 19:30:00,5.0
2022-10-21 20:00:00,1.0
2022-10-21 20:30:00,0.0
2022-10-21 21:00:00,0.0
2022-10-21 21:30:00,1.0
2022-10-22 06:00:00,1.0
2022-10-22 06:30:00,1.0
2022-10-22 07:00:00,0.0
2022-10-22 07:30:00,1.0
2022-10-22 08:00:00,0.0
2022-10-22 08:30:00,0.0
2022-10-22 09:00:00,0.0
2022-10-22 09:30:00,0.0
2022-10-22 10:00:00,0.0
2022-10-22 10:30:00,1.0
2022-10-22 11:00:00,0.0
2022-10-22 11:30:00,1.0
2022-10-22 12:00:00,5.0
2022-10-22 12:30:00,4.0
2022-10-22 13:00:00,6.0
2022-10-22 13:30:00,5.0
2022-10-22 14:00:00,0.0
2022-10-22 14:30:00,0.0
2022-10-22 15:00:00,0.0
2022-10-22 15:30:00,0.0
2022-10-22 16:00:00,1.0
2022-10-22 16:30:00,0.0
2022-10-22 17:00:00,0.0
2022-10-22 17:30:00,0.0
2022-10-22 18:00:00,5.0
2022-10-22 18:30:00,4.0
2022-10-22 19:00:00,6.0
2022-10-22 19:30:00,4.0
2022-10-22 20:00:00,1.0
2022-10-22 20:30:00,0.0
2022-10-22 21:00:00,0.0
2022-10-22 21:30:00,0.0
2022-10-23 06:00:00,0.0
2022-10-23 06:30:00,1.0
2022-10-23 07:00:00,1.0
2022-10-23 07:30:00,0.0
2022-10-23 08:00:00,0.0
2022-10-23 08:30:00,0.0
2022-10-23 09:00:00,0.0
2022-10-23 09:30:00,0.0
2022-10-23 10:00:00,0.0
2022-10-23 10:30:00,2.0
2022-10-23 11:00:00,0.0
2022-10-23 11:30:00,1.0
2022-10-23 12:00:00,3.0
2022-10-23 12:30:00,6.0
2022-10-23 13:00:00,3.0
2022-10-23 13:30:00,3.0
2022-10-23 14:00:00,0.0
2022-10-23 14:30:00,1.0
2022-10-23 15:00:00,0.0
2022-10-23 15:30:00,0.0
2022-10-23 16:00:00,1.0
2022-10-23 16:30:00,0.0
2022-10-23 17:00:00,0.0
2022-10-23 17:30:00,0.0
2022-10-23 18:00:00,5.0
2022-10-23 18:30:00,5.0
2022-10-23 19:00:00,4.0
2022-10-23 19:30:00,4.0
2022-10-23 20:00:00,1.0
2022-10-23 20:30:00,0.0
2022-10-23 21:00:00,0.0
2022-10-23 21:30:00,1.0
2022-10-24 06:00:00,0.0
2022-10-24 06:30:00,0.0
2022-10-24 07:00:00,2.0
2022-10-24 07:30:00,0.0
2022-10-24 08:00:00,0.0
2022-10-24 08:30:00,0.0
2022-10-24 09:00:00,0.0
2022-10-24 09:30:00,0.0
2022-10-24 10:00:00,0.0
2022-10-24 10:30:00,2.0
2022-10-24 11:00:00,0.0
2022-10-24 11:30:00,0.0
2022-10-24 12:00:00,3.0
2022-10-24 12:30:00,1.0
2022-10-24 13:00:00,2.0
2022-10-24 13:30:00,5.0
2022-10-24 14:00:00,0.0
2022-10-24 14:30:00,1.0
2022-10-24 15:00:00,1.0
2022-10-24 15:30:00,0.0
2022-10-24 16:00:00,0.0
2022-10-24 16:30:00,0.0
2022-10-24 17:00:00,1.0
2022-10-24 17:30:00,0.0
2022-10-24 18:00:00,5.0
2022-10-24 18:30:00,5.0
2022-10-24 19:00:00,5.0
2022-10-24 19:30:00,3.0
2022-10-24 20:00:00,0.0
2022-10-24 20:30:00,1.0
2022-10-24 21:00:00,0.0
2022-10-24 21:30:00,0.0
2022-10-25 06:00:00,1.0
2022-10-25 06:30:00,1.0
2022-10-25 07:00:00,1.0
2022-10-25 07:30:00,0.0
2022-10-25 08:00:00,0.0
2022-10-25 08:30:00,0.0
2022-10-25 09:00:00,1.0
2022-10-25 09:30:00,0.0
2022-10-25 10:00:00,0.0
2022-10-25 10:30:00,1.0
2022-10-25 11:00:00,0.0
2022-10-25 11:30:00,1.0
2022-10-25 12:00:00,3.0
2022-10-25 12:30:00,5.0
2022-10-25 13:00:00,5.0
2022-10-25 13:30:00,6.0
2022-10-25 14:00:00,0.0
2022-10-25 14:30:00,0.0
2022-10-25 15:00:00,0.0
2022-10-25 15:30:00,0.0
2022-10-25 16:00:00,1.0
2022-10-25 16:30:00,0.0
2022-10-25 17:00:00,0.0
2022-10-25 17:30:00,1.0
2022-10-25 18:00:00,3.0
2022-10-25 18:30:00,5.0
2022-10-25 19:00:00,4.0
2022-10-25 19:30:00,7.0
2022-10-25 20:00:00,0.0
2022-10-25 20:30:00,0.0
2022-10-25 21:00:00,0.0
2022-10-25 21:30:00,0.0
2022-10-26 06:00:00,0.0
2022-10-26 06:30:00,0.0
2022-10-26 07:00:00,0.0
2022-10-26 07:30:00,0.0
2022-10-26 08:00:00,1.0
2022-10-26 08:30:00,2.0
2022-10-26 09:00:00,0.0
2022-10-26 09:30:00,0.0
2022-10-26 10:00:00,1.0
2022-10-26 10:30:00,0.0
2022-10-26 11:00:00,0.0
2022-10-26 11:30:00,0.0
2022-10-26 12:00:00,5.0
2022-10-26 12:30:00,4.0
2022-10-26 13:00:00,3.0
2022-10-26 13:30:00,4.0
2022-10-26 14:00:00,0.0
2022-10-26 14:30:00,0.0
2022-10-26 15:00:00,0.0
2022-10-26 15:30:00,0.0
2022-10-26 16:00:00,0.0
2022-10-26 16:30:00,1.0
2022-10-26 17:00:00,0.0
2022-10-26 17:30:00,0.0
2022-10-26 18:00:00,3.0
2022-10-26 18:30:00,4.0
2022-10-26 19:00:00,5.0
2022-10-26 19:30:00,5.0
2022-10-26 20:00:00,0.0
2022-10-26 20:30:00,0.0
2022-10-26 21:00:00,0.0
2022-10-26 21:30:00,0.0
2022-10-27 06:00:00,0.0
2022-10-27 06:30:00,2.0
2022-10-27 07:00:00,0.0
2022-10-27 07:30:00,0.0
2022-10-27 08:00:00,1.0
2022-10-27 08:30:00,1.0
2022-10-27 09:00:00,0.0
2022-10-27 09:30:00,1.0
2022-10-27 10:00:00,0.0
2022-10-27 10:30:00,0.0
2022-10-27 11:00:00,3.0
2022-10-27 11:30:00,0.0
2022-10-27 12:00:00,4.0
2022-10-27 12:30:00,4.0
2022-10-27 13:00:00,4.0
2022-10-27 13:30:00,5.0
2022-10-27 14:00:00,0.0
2022-10-27 14:30:00,0.0
2022-10-27 15:00:00,2.0
2022-10-27 15:30:00,0.0
2022-10-27 16:00:00,0.0
2022-10-27 16:30:00,0.0
2022-10-27 17:00:00,0.0
2022-10-27 17:30:00,0.0
2022-10-27 18:00:00,4.0
2022-10-27 18:30:00,4.0
2022-10-27 19:00:00,5.0
2022-10-27 19:30:00,5.0
2022-10-27 20:00:00,0.0
2022-10-27 20:30:00,0.0
2022-10-27 21:00:00,0.0
2022-10-27 21:30:00,2.0
2022-10-28 06:00:00,0.0
2022-10-28 06:30:00,0.0
2022-10-28 07:00:00,0.0
2022-10-28 07:30:00,0.0
2022-10-28 08:00:00,2.0
2022-10-28 08:30:00,1.0
2022-10-28 09:00:00,0.0
2022-10-28 09:30:00,0.0
2022-10-28 10:00:00,0.0
2022-10-28 10:30:00,0.0
2022-10-28 11:00:00,0.0
2022-10-28 11:30:00,0.0
2022-10-28 12:00:00,4.0
2022-10-28 12:30:00,5.0
2022-10-28 13:00:00,5.0
2022-10-28 13:30:00,5.0
2022-10-28 14:00:00,0.0
2022-10-28 14:30:00,0.0
2022-10-28 15:00:00,2.0
2022-10-28 15:30:00,0.0
2022-10-28 16:00:00,0.0
2022-10-28 16:30:00,0.0
2022-10-28 17:00:00,0.0
2022-10-28 17:30:00,0.0
2022-10-28 18:00:00,7.0
2022-10-28 18:30:00,4.0
2022-10-28 19:00:00,3.0
2022-10-28 19:30:00,3.0
2022-10-28 20:00:00,1.0
2022-10-28 20:30:00,0.0
2022-10-28 21:00:00,1.0
2022-10-28 21:30:00,0.0
2022-10-29 06:00:00,0.0
2022-10-29 06:30:00,0.0
2022-10-29 07:00:00,0.0
2022-10-29 07:30:00,0.0
2022-10-29 08:00:00,0.0
2022-10-29 08:30:00,0.0
2022-10-29 09:00:00,1.0
2022-10-29 09:30:00,0.0
2022-10-29 10:00:00,1.0
2022-10-29 10:30:00,0.0
2022-10-29 11:00:00,0.0
2022-10-29 11:30:00,0.0
2022-10-29 12:00:00,3.0
2022-10-29 12:30:00,3.0
2022-10-29 13:00:00,4.0
2022-10-29 13:30:00,4.0
2022-10-29 14:00:00,1.0
2022-10-29 14:30:00,0.0
2022-10-29 15:00:00,2.0
2022-10-29 15:30:00,1.0
2022-10-29 16:00:00,1.0
2022-10-29 16:30:00,0.0
2022-10-29 17:00:00,0.0
2022-10-29 17:30:00,0.0
2022-10-29 18:00:00,4.0
2022-10-29 18:30:00,3.0
2022-10-29 19:00:00,4.0
2022-10-29 19:30:00,4.0
2022-10-29 20:00:00,1.0
2022-10-29 20:30:00,0.0
2022-10-29 21:00:00,0.0
2022-10-29 21:30:00,1.0
2022-10-30 06:00:00,1.0
2022-10-30 06:30:00,1.0
2022-10-30 07:00:00,0.0
2022-10-30 07:30:00,0.0
2022-10-30 08:00:00,1.0
2022-10-30 08:30:00,0.0
2022-10-30 09:00:00,0.0
2022-10-30 09:30:00,0.0
2022-10-30 10:00:00,0.0
2022-10-30 10:30:00,0.0
2022-10-30 11:00:00,1.0
2022-10-30 11:30:00,1.0
2022-10-30 12:00:00,5.0
2022-10-30 12:30:00,2.0
2022-10-30 13:00:00,3.0
2022-10-30 13:30:00,6.0
2022-10-30 14:00:00,0.0
2022-10-30 14:30:00,0.0
2022-10-30 15:00:00,0.0
2022-10-30 15:30:00,0.0
2022-10-30 16:00:00,3.0
2022-10-30 16:30:00,0.0
2022-10-30 17:00:00,0.0
2022-10-30 17:30:00,2.0
2022-10-30 18:00:00,3.0
2022-10-30 18:30:00,5.0
2022-10-30 19:00:00,5.0
2022-10-30 19:30:00,4.0
2022-10-30 20:00:00,0.0
2022-10-30 20:30:00,0.0
2022-10-30 21:00:00,0.0
2022-10-30 21:30:00,0.0
2022-10-31 06:00:00,0.0
2022-10-31 06:30:00,0.0
2022-10-31 07:00:00,0.0
2022-10-31 07:30:00,0.0
2022-10-31 08:00:00,1.0
2022-10-31 08:30:00,0.0
2022-10-31 09:00:00,1.0
2022-10-31 09:30:00,0.0
2022-10-31 10:00:00,0.0
2022-10-31 10:30:00,1.0
2022-10-31 11:00:00,0.0
2022-10-31 11:30:00,0.0
2022-10-31 12:00:00,4.0
2022-10-31 12:30:00,1.0
2022-10-31 13:00:00,3.0
2022-10-31 13:30:00,3.0
2022-10-31 14:00:00,0.0
2022-10-31 14:30:00,0.0
2022-10-31 15:00:00,0.0
2022-10-31 15:30:00,0.0
2022-10-31 16:00:00,0.0
2022-10-31 16:30:00,2.0
2022-10-31 17:00:00,0.0
2022-10-31 17:30:00,0.0
2022-10-31 18:00:00,1.0
2022-10-31 18:30:00,3.0
2022-10-31 19:00:00,4.0
2022-10-31 19:30:00,3.0
2022-10-31 20:00:00,0.0
2022-10-31 20:30:00,0.0
2022-10-31 21:00:00,1.0
2022-10-31 21:30:00,0.0
2022-11-01 06:00:00,0.0
2022-11-01 06:30:00,1.0
2022-11-01 07:00:00,1.0
2022-11-01 07:30:00,1.0
2022-11-01 08:00:00,3.0
2022-11-01 08:30:00,1.0
2022-11-01 09:00:00,0.0
2022-11-01 09:30:00,0.0
2022-11-01 10:00:00,1.0
2022-11-01 10:30:00,0.0
2022-11-01 11:00:00,0.0
2022-11-01 11:30:00,0.0
2022-11-01 12:00:00,4.0
2022-11-01 12:30:00,5.0
2022-11-01 13:00:00,2.0
2022-11-01 13:30:00,5.0
2022-11-01 14:00:00,0.0
2022-11-01 14:30:00,1.0
2022-11-01 15:00:00,1.0
2022-11-01 15:30:00,0.0
2022-11-01 16:00:00,2.0
2022-11-01 16:30:00,2.0
2022-11-01 17:00:00,1.0
2022-11-01 17:30:00,0.0
2022-11-01 18:00:00,2.0
2022-11-01 18:30:00,4.0
2022-11-01 19:00:00,2.0
2022-11-01 19:30:00,3.0
2022-11-01 20:00:00,0.0
2022-11-01 20:30:00,0.0
2022-11-01 21:00:00,0.0
2022-11-01 21:30:00,0.0
2022-11-02 06:00:00,0.0
2022-11-02 06:30:00,0.0
2022-11-02 07:00:00,1.0
2022-11-02 07:30:00,0.0
2022-11-02 08:00:00,0.0
2022-11-02 08:30:00,0.0
2022-11-02 09:00:00,0.0
2022-11-02 09:30:00,0.0
2022-11-02 10:00:00,2.0
2022-11-02 10:30:00,0.0
2022-11-02 11:00:00,1.0
2022-11-02 11:30:00,2.0
2022-11-02 12:00:00,5.0
2022-11-02 12:30:00,3.0
2022-11-02 13:00:00,1.0
2022-11-02 13:30:00,4.0
2022-11-02 14:00:00,0.0
2022-11-02 14:30:00,0.0
2022-11-02 15:00:00,0.0
2022-11-02 15:30:00,0.0
2022-11-02 16:00:00,1.0
2022-11-02 16:30:00,0.0
2022-11-02 17:00:00,0.0
2022-11-02 17:30:00,0.0
2022-11-02 18:00:00,3.0
2022-11-02 18:30:00,4.0
2022-11-02 19:00:00,5.0
2022-11-02 19:30:00,5.0
2022-11-02 20:00:00,1.0
2022-11-02 20:30:00,0.0
2022-11-02 21:00:00,0.0
2022-11-02 21:30:00,2.0
2022-11-03 06:00:00,0.0
2022-11-03 06:30:00,1.0
2022-11-03 07:00:00,0.0
2022-11-03 07:30:00,0.0
2022-11-03 08:00:00,0.0
2022-11-03 08:30:00,0.0
2022-11-03 09:00:00,1.0
2022-11-03 09:30:00,1.0
2022-11-03 10:00:00,0.0
2022-11-03 10:30:00,1.0
2022-11-03 11:00:00,1.0
2022-11-03 11:30:00,1.0
2022-11-03 12:00:00,2.0
2022-11-03 12:30:00,4.0
2022-11-03 13:00:00,6.0
2022-11-03 13:30:00,5.0
2022-11-03 14:00:00,0.0
2022-11-03 14:30:00,0.0
2022-11-03 15:00:00,0.0
2022-11-03 15:30:00,0.0
2022-11-03 16:00:00,1.0
2022-11-03 16:30:00,0.0
2022-11-03 17:00:00,0.0
2022-11-03 17:30:00,0.0
2022-11-03 18:00:00,4.0
2022-11-03 18:30:00,4.0
2022-11-03 19:00:00,5.0
2022-11-03 19:30:00,4.0
2022-11-03 20:00:00,1.0
2022-11-03 20:30:00,0.0
2022-11-03 21:00:00,0.0
2022-11-03 21:30:00,0.0
2022-11-04 06:00:00,0.0
2022-11-04 06:30:00,0.0
2022-11-04 07:00:00,1.0
2022-11-04 07:30:00,0.0
2022-11-04 08:00:00,0.0
2022-11-04 08:30:00,2.0
2022-11-04 09:00:00,0.0
2022-11-04 09:30:00,0.0
2022-11-04 10:00:00,0.0
2022-11-04 10:30:00,0.0
2022-11-04 11:00:00,2.0
2022-11-04 11:30:00,2.0
2022-11-04 12:00:00,4.0
2022-11-04 12:30:00,3.0
2022-11-04 13:00:00,1.0
2022-11-04 13:30:00,3.0
2022-11-04 14:00:00,0.0
2022-11-04 14:30:00,0.0
2022-11-04 15:00:00,2.0
2022-11-04 15:30:00,0.0
2022-11-04 16:00:00,1.0
2022-11-04 16:30:00,0.0
2022-11-04 17:00:00,1.0
2022-11-04 17:30:00,0.0
2022-11-04 18:00:00,5.0
2022-11-04 18:30:00,4.0
2022-11-04 19:00:00,3.0
2022-11-04 19:30:00,4.0
2022-11-04 20:00:00,1.0
2022-11-04 20:30:00,0.0
2022-11-04 21:00:00,0.0
2022-11-04 21:30:00,0.0
2022-11-05 06:00:00,0.0
2022-11-05 06:30:00,0.0
2022-11-05 07:00:00,0.0
2022-11-05 07:30:00,0.0
2022-11-05 08:00:00,3.0
2022-11-05 08:30:00,0.0
2022-11-05 09:00:00,1.0
2022-11-05 09:30:00,0.0
2022-11-05 10:00:00,1.0
2022-11-05 10:30:00,1.0
2022-11-05 11:00:00,0.0
2022-11-05 11:30:00,0.0
2022-11-05 12:00:00,2.0
2022-11-05 12:30:00,4.0
2022-11-05 13:00:00,4.0
2022-11-05 13:30:00,3.0
2022-11-05 14:00:00,0.0
2022-11-05 14:30:00,0.0
2022-11-05 15:00:00,1.0
2022-11-05 15:30:00,0.0
2022-11-05 16:00:00,0.0
2022-11-05 16:30:00,0.0
2022-11-05 17:00:00,1.0
2022-11-05 17:30:00,2.0
2022-11-05 18:00:00,3.0
2022-11-05 18:30:00,4.0
2022-11-05 19:00:00,4.0
2022-11-05 19:30:00,6.0
2022-11-05 20:00:00,0.0
2022-11-05 20:30:00,0.0
2022-11-05 21:00:00,0.0
2022-11-05 21:30:00,0.0
2022-11-06 06:00:00,0.0
2022-11-06 06:30:00,0.0
2022-11-06 07:00:00,0.0
2022-11-06 07:30:00,2.0
2022-11-06 08:00:00,0.0
2022-11-06 08:30:00,0.0
2022-11-06 09:00:00,0.0
2022-11-06 09:30:00,0.0
2022-11-06 10:00:00,0.0
2022-11-06 10:30:00,2.0
2022-11-06 11:00:00,0.0
2022-11-06 11:30:00,1.0
2022-11-06 12:00:00,5.0
2022-11-06 12:30:00,4.0
2022-11-06 13:00:00,3.0
2022-11-06 13:30:00,5.0
2022-11-06 14:00:00,1.0
2022-11-06 14:30:00,1.0
2022-11-06 15:00:00,1.0
2022-11-06 15:30:00,2.0
2022-11-06 16:00:00,0.0
2022-11-06 16:30:00,0.0
2022-11-06 17:00:00,0.0
2022-11-06 17:30:00,0.0
2022-11-06 18:00:00,4.0
2022-11-06 18:30:00,5.0
2022-11-06 19:00:00,5.0
2022-11-06 19:30:00,3.0
2022-11-06 20:00:00,1.0
2022-11-06 20:30:00,0.0
2022-11-06 21:00:00,0.0
2022-11-06 21:30:00,0.0
2022-11-07 06:00:00,1.0
2022-11-07 06:30:00,0.0
2022-11-07 07:00:00,1.0
2022-11-07 07:30:00,0.0
2022-11-07 08:00:00,0.0
2022-11-07 08:30:00,0.0
2022-11-07 09:00:00,0.0
2022-11-07 09:30:00,0.0
2022-11-07 10:00:00,0.0
2022-11-07 10:30:00,0.0
2022-11-07 11:00:00,0.0
2022-11-07 11:30:00,0.0
2022-11-07 12:00:00,3.0
2022-11-07 12:30:00,4.0
2022-11-07 13:00:00,2.0
2022-11-07 13:30:00,3.0
2022-11-07 14:00:00,0.0
2022-11-07 14:30:00,1.0
2022-11-07 15:00:00,0.0
2022-11-07 15:30:00,0.0
2022-11-07 16:00:00,0.0
2022-11-07 16:30:00,1.0
2022-11-07 17:00:00,0.0
2022-11-07 17:30:00,0.0
2022-11-07 18:00:00,4.0
2022-11-07 18:30:00,2.0
2022-11-07 19:00:00,3.0
2022-11-07 19:30:00,3.0
2022-11-07 20:00:00,0.0
2022-11-07 20:30:00,0.0
2022-11-07 21:00:00,0.0
2022-11-07 21:30:00,2.0
2022-11-08 06:00:00,0.0
2022-11-08 06:30:00,0.0
2022-11-08 07:00:00,0.0
2022-11-08 07:30:00,0.0
2022-11-08 08:00:00,0.0
2022-11-08 08:30:00,0.0
2022-11-08 09:00:00,1.0
2022-11-08 09:30:00,0.0
2022-11-08 10:00:00,1.0
2022-11-08 10:30:00,0.0
2022-11-08 11:00:00,0.0
2022-11-08 11:30:00,0.0
2022-11-08 12:00:00,4.0
2022-11-08 12:30:00,3.0
2022-11-08 13:00:00,5.0
2022-11-08 13:30:00,3.0
2022-11-08 14:00:00,2.0
2022-11-08 14:30:00,0.0
2022-11-08 15:00:00,2.0
2022-11-08 15:30:00,1.0
2022-11-08 16:00:00,0.0
2022-11-08 16:30:00,1.0
2022-11-08 17:00:00,0.0
2022-11-08 17:30:00,0.0
2022-11-08 18:00:00,4.0
2022-11-08 18:30:00,4.0
2022-11-08 19:00:00,4.0
2022-11-08 19:30:00,2.0
2022-11-08 20:00:00,0.0
2022-11-08 20:30:00,1.0
2022-11-08 21:00:00,0.0
2022-11-08 21:30:00,0.0
2022-11-09 06:00:00,0.0
2022-11-09 06:30:00,1.0
2022-11-09 07:00:00,0.0
2022-11-09 07:30:00,1.0
2022-11-09 08:00:00,0.0
2022-11-09 08:30:00,0.0
2022-11-09 09:00:00,2.0
2022-11-09 09:30:00,0.0
2022-11-09 10:00:00,0.0
2022-11-09 10:30:00,0.0
2022-11-09 11:00:00,0.0
2022-11-09 11:30:00,0.0
2022-11-09 12:00:00,2.0
2022-11-09 12:30:00,5.0
2022-11-09 13:00:00,3.0
2022-11-09 13:30:00,4.0
2022-11-09 14:00:00,0.0
2022-11-09 14:30:00,1.0
2022-11-09 15:00:00,1.0
2022-11-09 15:30:00,0.0
2022-11-09 16:00:00,0.0
2022-11-09 16:30:00,0.0
2022-11-09 17:00:00,0.0
2022-11-09 17:30:00,1.0
2022-11-09 18:00:00,4.0
2022-11-09 18:30:00,4.0
2022-11-09 19:00:00,2.0
2022-11-09 19:30:00,6.0
2022-11-09 20:00:00,0.0
2022-11-09 20:30:00,0.0
2022-11-09 21:00:00,0.0
2022-11-09 21:30:00,1.0
2022-11-10 06:00:00,0.0
2022-11-10 06:30:00,1.0
2022-11-10 07:00:00,1.0
2022-11-10 07:30:00,0.0
2022-11-10 08:00:00,0.0
2022-11-10 08:30:00,0.0
2022-11-10 09:00:00,0.0
2022-11-10 09:30:00,1.0
2022-11-10 10:00:00,0.0
2022-11-10 10:30:00,0.0
2022-11-10 11:00:00,0.0
2022-11-10 11:30:00,0.0
2022-11-10 12:00:00,4.0
2022-11-10 12:30:00,4.0
2022-11-10 13:00:00,4.0
2022-11-10 13:30:00,4.0
2022-11-10 14:00:00,0.0
2022-11-10 14:30:00,0.0
2022-11-10 15:00:00,2.0
2022-11-10 15:30:00,1.0
2022-11-10 16:00:00,0.0
2022-11-10 16:30:00,1.0
2022-11-10 17:00:00,0.0
2022-11-10 17:30:00,0.0
2022-11-10 18:00:00,6.0
2022-11-10 18:30:00,4.0
2022-11-10 19:00:00,4.0
2022-11-10 19:30:00,3.0
2022-11-10 20:00:00,2.0
2022-11-10 20:30:00,1.0
2022-11-10 21:00:00,0.0
2022-11-10 21:30:00,0.0
2022-11-11 06:00:00,1.0
2022-11-11 06:30:00,0.0
2022-11-11 07:00:00,1.0
2022-11-11 07:30:00,0.0
2022-11-11 08:00:00,0.0
2022-11-11 08:30:00,0.0
2022-11-11 09:00:00,1.0
2022-11-11 09:30:00,0.0
2022-11-11 10:00:00,0.0
2022-11-11 10:30:00,1.0
2022-11-11 11:00:00,0.0
2022-11-11 11:30:00,1.0
2022-11-11 12:00:00,3.0
2022-11-11 12:30:00,3.0
2022-11-11 13:00:00,3.0
2022-11-11 13:30:00,2.0
2022-11-11 14:00:00,0.0
2022-11-11 14:30:00,0.0
2022-11-11 15:00:00,0.0
2022-11-11 15:30:00,0.0
2022-11-11 16:00:00,0.0
2022-11-11 16:30:00,0.0
2022-11-11 17:00:00,0.0
2022-11-11 17:30:00,0.0
2022-11-11 18:00:00,4.0
2022-11-11 18:30:00,5.0
2022-11-11 19:00:00,3.0
2022-11-11 19:30:00,5.0
2022-11-11 20:00:00,0.0
2022-11-11 20:30:00,1.0
2022-11-11 21:00:00,0.0
2022-11-11 21:30:00,0.0
2022-11-12 06:00:00,0.0
2022-11-12 06:30:00,0.0
2022-11-12 07:00:00,1.0
2022-11-12 07:30:00,0.0
2022-11-12 08:00:00,0.0
2022-11-12 08:30:00,0.0
2022-11-12 09:00:00,1.0
2022-11-12 09:30:00,2.0
2022-11-12 10:00:00,1.0
2022-11-12 10:30:00,1.0
2022-11-12 11:00:00,1.0
2022-11-12 11:30:00,0.0
2022-11-12 12:00:00,6.0
2022-11-12 12:30:00,2.0
2022-11-12 13:00:00,5.0
2022-11-12 13:30:00,6.0
2022-11-12 14:00:00,0.0
2022-11-12 14:30:00,0.0
2022-11-12 15:00:00,0.0
2022-11-12 15:30:00,0.0
2022-11-12 16:00:00,1.0
2022-11-12 16:30:00,0.0
2022-11-12 17:00:00,0.0
2022-11-12 17:30:00,0.0
2022-11-12 18:00:00,4.0
2022-11-12 18:30:00,4.0
2022-11-12 19:00:00,3.0
2022-11-12 19:30:00,4.0
2022-11-12 20:00:00,0.0
2022-11-12 20:30:00,0.0
2022-11-12 21:00:00,0.0
2022-11-12 21:30:00,0.0
2022-11-13 06:00:00,0.0
2022-11-13 06:30:00,0.0
2022-11-13 07:00:00,1.0
2022-11-13 07:30:00,0.0
2022-11-13 08:00:00,0.0
2022-11-13 08:30:00,0.0
2022-11-13 09:00:00,0.0
2022-11-13 09:30:00,0.0
2022-11-13 10:00:00,0.0
2022-11-13 10:30:00,0.0
2022-11-13 11:00:00,0.0
2022-11-13 11:30:00,1.0
2022-11-13 12:00:00,4.0
2022-11-13 12:30:00,4.0
2022-11-13 13:00:00,5.0
2022-11-13 13:30:00,4.0
2022-11-13 14:00:00,2.0
2022-11-13 14:30:00,1.0
2022-11-13 15:00:00,1.0
2022-11-13 15:30:00,0.0
2022-11-13 16:00:00,0.0
2022-11-13 16:30:00,1.0
2022-11-13 17:00:00,0.0
2022-11-13 17:30:00,1.0
2022-11-13 18:00:00,5.0
2022-11-13 18:30:00,3.0
2022-11-13 19:00:00,2.0
2022-11-13 19:30:00,4.0
2022-11-13 20:00:00,0.0
2022-11-13 20:30:00,2.0
2022-11-13 21:00:00,2.0
2022-11-13 21:30:00,1.0
2022-11-14 06:00:00,0.0
2022-11-14 06:30:00,0.0
2022-11-14 07:00:00,1.0
2022-11-14 07:30:00,0.0
2022-11-14 08:00:00,0.0
2022-11-14 08:30:00,1.0
2022-11-14 09:00:00,2.0
2022-11-14 09:30:00,1.0
2022-11-14 10:00:00,0.0
2022-11-14 10:30:00,0.0
2022-11-14 11:00:00,0.0
2022-11-14 11:30:00,1.0
2022-11-14 12:00:00,4.0
2022-11-14 12:30:00,4.0
2022-11-14 13:00:00,3.0
2022-11-14 13:30:00,5.0
2022-11-14 14:00:00,0.0
2022-11-14 14:30:00,0.0
2022-11-14 15:00:00,0.0
2022-11-14 15:30:00,1.0
2022-11-14 16:00:00,1.0
2022-11-14 16:30:00,0.0
2022-11-14 17:00:00,0.0
2022-11-14 17:30:00,0.0
2022-11-14 18:00:00,5.0
2022-11-14 18:30:00,3.0
2022-11-14 19:00:00,6.0
2022-11-14 19:30:00,4.0
2022-11-14 20:00:00,0.0
2022-11-14 20:30:00,1.0
2022-11-14 21:00:00,0.0
2022-11-14 21:30:00,0.0
2022-11-15 06:00:00,0.0
2022-11-15 06:30:00,0.0
2022-11-15 07:00:00,0.0
2022-11-15 07:30:00,0.0
2022-11-15 08:00:00,1.0
2022-11-15 08:30:00,1.0
2022-11-15 09:00:00,0.0
2022-11-15 09:30:00,0.0
2022-11-15 10:00:00,0.0
2022-11-15 10:30:00,1.0
2022-11-15 11:00:00,0.0
2022-11-15 11:30:00,0.0
2022-11-15 12:00:00,3.0
2022-11-15 12:30:00,4.0
2022-11-15 13:00:00,5.0
2022-11-15 13:30:00,5.0
2022-11-15 14:00:00,0.0
2022-11-15 14:30:00,0.0
2022-11-15 15:00:00,0.0
2022-11-15 15:30:00,0.0
2022-11-15 16:00:00,0.0
2022-11-15 16:30:00,0.0
2022-11-15 17:00:00,0.0
2022-11-15 17:30:00,0.0
2022-11-15 18:00:00,4.0
2022-11-15 18:30:00,4.0
2022-11-15 19:00:00,3.0
2022-11-15 19:30:00,3.0
2022-11-15 20:00:00,2.0
2022-11-15 20:30:00,0.0
2022-11-15 21:00:00,2.0
2022-11-15 21:30:00,1.0
2022-11-16 06:00:00,0.0
2022-11-16 06:30:00,0.0
2022-11-16 07:00:00,0.0
2022-11-16 07:30:00,0.0
2022-11-16 08:00:00,1.0
2022-11-16 08:30:00,0.0
2022-11-16 09:00:00,0.0
2022-11-16 09:30:00,0.0
2022-11-16 10:00:00,0.0
2022-11-16 10:30:00,1.0
2022-11-16 11:00:00,1.0
2022-11-16 11:30:00,1.0
2022-11-16 12:00:00,3.0
2022-11-16 12:30:00,5.0
2022-11-16 13:00:00,5.0
2022-11-16 13:30:00,4.0
2022-11-16 14:00:00,0.0
2022-11-16 14:30:00,1.0
2022-11-16 15:00:00,0.0
2022-11-16 15:30:00,0.0
2022-11-16 16:00:00,0.0
2022-11-16 16:30:00,0.0
2022-11-16 17:00:00,0.0
2022-11-16 17:30:00,0.0
2022-11-16 18:00:00,4.0
2022-11-16 18:30:00,3.0
2022-11-16 19:00:00,4.0
2022-11-16 19:30:00,5.0
2022-11-16 20:00:00,0.0
2022-11-16 20:30:00,0.0
2022-11-16 21:00:00,0.0
2022-11-16 21:30:00,0.0
2022-11-17 06:00:00,0.0
2022-11-17 06:30:00,0.0
2022-11-17 07:00:00,0.0
2022-11-17 07:30:00,1.0
2022-11-17 08:00:00,0.0
2022-11-17 08:30:00,0.0
2022-11-17 09:00:00,0.0
2022-11-17 09:30:00,0.0
2022-11-17 10:00:00,1.0
2022-11-17 10:30:00,0.0
2022-11-17 11:00:00,0.0
2022-11-17 11:30:00,1.0
2022-11-17 12:00:00,4.0
2022-11-17 12:30:00,6.0
2022-11-17 13:00:00,3.0
2022-11-17 13:30:00,4.0
2022-11-17 14:00:00,1.0
2022-11-17 14:30:00,1.0
2022-11-17 15:00:00,0.0
2022-11-17 15:30:00,0.0
2022-11-17 16:00:00,0.0
2022-11-17 16:30:00,0.0
2022-11-17 17:00:00,0.0
2022-11-17 17:30:00,0.0
2022-11-17 18:00:00,5.0
2022-11-17 18:30:00,3.0
2022-11-17 19:00:00,4.0
2022-11-17 19:30:00,6.0
2022-11-17 20:00:00,0.0
2022-11-17 20:30:00,0.0
2022-11-17 21:00:00,0.0
2022-11-17 21:30:00,0.0
2022-11-18 06:00:00,2.0
2022-11-18 06:30:00,0.0
2022-11-18 07:00:00,0.0
2022-11-18 07:30:00,0.0
2022-11-18 08:00:00,1.0
2022-11-18 08:30:00,0.0
2022-11-18 09:00:00,0.0
2022-11-18 09:30:00,1.0
2022-11-18 10:00:00,0.0
2022-11-18 10:30:00,0.0
2022-11-18 11:00:00,0.0
2022-11-18 11:30:00,0.0
2022-11-18 12:00:00,5.0
2022-11-18 12:30:00,5.0
2022-11-18 13:00:00,6.0
2022-11-18 13:30:00,6.0
2022-11-18 14:00:00,0.0
2022-11-18 14:30:00,1.0
2022-11-18 15:00:00,0.0
2022-11-18 15:30:00,0.0
2022-11-18 16:00:00,1.0
2022-11-18 16:30:00,0.0
2022-11-18 17:00:00,1.0
2022-11-18 17:30:00,0.0
2022-11-18 18:00:00,4.0
2022-11-18 18:30:00,4.0
2022-11-18 19:00:00,3.0
2022-11-18 19:30:00,3.0
2022-11-18 20:00:00,1.0
2022-11-18 20:30:00,0.0
2022-11-18 21:00:00,0.0
2022-11-18 21:30:00,0.0
2022-11-19 06:00:00,1.0
2022-11-19 06:30:00,2.0
2022-11-19 07:00:00,1.0
2022-11-19 07:30:00,1.0
2022-11-19 08:00:00,0.0
2022-11-19 08:30:00,0.0
2022-11-19 09:00:00,0.0
2022-11-19 09:30:00,0.0
2022-11-19 10:00:00,0.0
2022-11-19 10:30:00,0.0
2022-11-19 11:00:00,0.0
2022-11-19 11:30:00,0.0
2022-11-19 12:00:00,5.0
2022-11-19 12:30:00,5.0
2022-11-19 13:00:00,3.0
2022-11-19 13:30:00,4.0
2022-11-19 14:00:00,0.0
2022-11-19 14:30:00,0.0
2022-11-19 15:00:00,0.0
2022-11-19 15:30:00,0.0
2022-11-19 16:00:00,1.0
2022-11-19 16:30:00,0.0
2022-11-19 17:00:00,1.0
2022-11-19 17:30:00,0.0
2022-11-19 18:00:00,4.0
2022-11-19 18:30:00,5.0
2022-11-19 19:00:00,4.0
2022-11-19 19:30:00,5.0
2022-11-19 20:00:00,1.0
2022-11-19 20:30:00,0.0
2022-11-19 21:00:00,0.0
2022-11-19 21:30:00,0.0
2022-11-20 06:00:00,0.0
2022-11-20 06:30:00,1.0
2022-11-20 07:00:00,2.0
2022-11-20 07:30:00,0.0
2022-11-20 08:00:00,1.0
2022-11-20 08:30:00,0.0
2022-11-20 09:00:00,2.0
2022-11-20 09:30:00,0.0
2022-11-20 10:00:00,0.0
2022-11-20 10:30:00,0.0
2022-11-20 11:00:00,0.0
2022-11-20 11:30:00,0.0
2022-11-20 12:00:00,4.0
2022-11-20 12:30:00,4.0
2022-11-20 13:00:00,3.0
2022-11-20 13:30:00,4.0
2022-11-20 14:00:00,0.0
2022-11-20 14:30:00,1.0
2022-11-20 15:00:00,0.0
2022-11-20 15:30:00,0.0
2022-11-20 16:00:00,0.0
2022-11-20 16:30:00,0.0
2022-11-20 17:00:00,0.0
2022-11-20 17:30:00,0.0
2022-11-20 18:00:00,6.0
2022-11-20 18:30:00,4.0
2022-11-20 19:00:00,4.0
2022-11-20 19:30:00,5.0
2022-11-20 20:00:00,0.0
2022-11-20 20:30:00,1.0
2022-11-20 21:00:00,2.0
2022-11-20 21:30:00,0.0
2022-11-21 06:00:00,0.0
2022-11-21 06:30:00,0.0
2022-11-21 07:00:00,0.0
2022-11-21 07:30:00,0.0
2022-11-21 08:00:00,0.0
2022-11-21 08:30:00,0.0
2022-11-21 09:00:00,1.0
2022-11-21 09:30:00,1.0
2022-11-21 10:00:00,0.0
2022-11-21 10:30:00,0.0
2022-11-21 11:00:00,2.0
2022-11-21 11:30:00,0.0
2022-11-21 12:00:00,3.0
2022-11-21 12:30:00,3.0
2022-11-21 13:00:00,5.0
2022-11-21 13:30:00,3.0
2022-11-21 14:00:00,2.0
2022-11-21 14:30:00,0.0
2022-11-21 15:00:00,0.0
2022-11-21 15:30:00,0.0
2022-11-21 16:00:00,1.0
2022-11-21 16:30:00,0.0
2022-11-21 17:00:00,0.0
2022-11-21 17:30:00,1.0
2022-11-21 18:00:00,3.0
2022-11-21 18:30:00,5.0
2022-11-21 19:00:00,4.0
2022-11-21 19:30:00,3.0
2022-11-21 20:00:00,1.0
2022-11-21 20:30:00,2.0
2022-11-21 21:00:00,1.0
2022-11-21 21:30:00,1.0
2022-11-22 06:00:00,0.0
2022-11-22 06:30:00,1.0
2022-11-22 07:00:00,1.0
2022-11-22 07:30:00,0.0
2022-11-22 08:00:00,1.0
2022-11-22 08:30:00,0.0
2022-11-22 09:00:00,0.0
2022-11-22 09:30:00,0.0
2022-11-22 10:00:00,1.0
2022-11-22 10:30:00,0.0
2022-11-22 11:00:00,0.0
2022-11-22 11:30:00,0.0
2022-11-22 12:00:00,4.0
2022-11-22 12:30:00,4.0
2022-11-22 13:00:00,4.0
2022-11-22 13:30:00,6.0
2022-11-22 14:00:00,0.0
2022-11-22 14:30:00,0.0
2022-11-22 15:00:00,0.0
2022-11-22 15:30:00,0.0
2022-11-22 16:00:00,0.0
2022-11-22 16:30:00,1.0
2022-11-22 17:00:00,1.0
2022-11-22 17:30:00,0.0
2022-11-22 18:00:00,5.0
2022-11-22 18:30:00,7.0
2022-11-22 19:00:00,4.0
2022-11-22 19:30:00,5.0
2022-11-22 20:00:00,0.0
2022-11-22 20:30:00,0.0
2022-11-22 21:00:00,0.0
2022-11-22 21:30:00,0.0
2022-11-23 06:00:00,0.0
2022-11-23 06:30:00,0.0
2022-11-23 07:00:00,0.0
2022-11-23 07:30:00,0.0
2022-11-23 08:00:00,0.0
2022-11-23 08:30:00,0.0
2022-11-23 09:00:00,0.0
2022-11-23 09:30:00,1.0
2022-11-23 10:00:00,0.0
2022-11-23 10:30:00,1.0
2022-11-23 11:00:00,0.0
2022-11-23 11:30:00,1.0
2022-11-23 12:00:00,7.0
2022-11-23 12:30:00,5.0
2022-11-23 13:00:00,3.0
2022-11-23 13:30:00,4.0
2022-11-23 14:00:00,1.0
2022-11-23 14:30:00,0.0
2022-11-23 15:00:00,0.0
2022-11-23 15:30:00,0.0
2022-11-23 16:00:00,0.0
2022-11-23 16:30:00,0.0
2022-11-23 17:00:00,1.0
2022-11-23 17:30:00,0.0
2022-11-23 18:00:00,5.0
2022-11-23 18:30:00,4.0
2022-11-23 19:00:00,3.0
2022-11-23 19:30:00,4.0
2022-11-23 20:00:00,0.0
2022-11-23 20:30:00,0.0
2022-11-23 21:00:00,0.0
2022-11-23 21:30:00,0.0
2022-11-24 06:00:00,0.0
2022-11-24 06:30:00,0.0
2022-11-24 07:00:00,0.0
2022-11-24 07:30:00,0.0
2022-11-24 08:00:00,0.0
2022-11-24 08:30:00,0.0
2022-11-24 09:00:00,0.0
2022-11-24 09:30:00,2.0
2022-11-24 10:00:00,1.0
2022-11-24 10:30:00,0.0
2022-11-24 11:00:00,0.0
2022-11-24 11:30:00,1.0
2022-11-24 12:00:00,2.0
2022-11-24 12:30:00,3.0
2022-11-24 13:00:00,5.0
2022-11-24 13:30:00,4.0
2022-11-24 14:00:00,0.0
2022-11-24 14:30:00,0.0
2022-11-24 15:00:00,0.0
2022-11-24 15:30:00,1.0
2022-11-24 16:00:00,0.0
2022-11-24 16:30:00,0.0
2022-11-24 17:00:00,1.0
2022-11-24 17:30:00,0.0
2022-11-24 18:00:00,5.0
2022-11-24 18:30:00,3.0
2022-11-24 19:00:00,6.0
2022-11-24 19:30:00,4.0
2022-11-24 20:00:00,1.0
2022-11-24 20:30:00,0.0
2022-11-24 21:00:00,1.0
2022-11-24 21:30:00,0.0
2022-11-25 06:00:00,1.0
2022-11-25 06:30:00,0.0
2022-11-25 07:00:00,0.0
2022-11-25 07:30:00,0.0
2022-11-25 08:00:00,0.0
2022-11-25 08:30:00,1.0
2022-11-25 09:00:00,0.0
2022-11-25 09:30:00,0.0
2022-11-25 10:00:00,0.0
2022-11-25 10:30:00,0.0
2022-11-25 11:00:00,0.0
2022-11-25 11:30:00,0.0
2022-11-25 12:00:00,5.0
2022-11-25 12:30:00,4.0
2022-11-25 13:00:00,4.0
2022-11-25 13:30:00,3.0
2022-11-25 14:00:00,0.0
2022-11-25 14:30:00,1.0
2022-11-25 15:00:00,0.0
2022-11-25 15:30:00,2.0
2022-11-25 16:00:00,1.0
2022-11-25 16:30:00,1.0
2022-11-25 17:00:00,0.0
2022-11-25 17:30:00,0.0
2022-11-25 18:00:00,3.0
2022-11-25 18:30:00,4.0
2022-11-25 19:00:00,6.0
2022-11-25 19:30:00,3.0
2022-11-25 20:00:00,0.0
2022-11-25 20:30:00,1.0
2022-11-25 21:00:00,0.0
2022-11-25 21:30:00,2.0
2022-11-26 06:00:00,1.0
2022-11-26 06:30:00,0.0
2022-11-26 07:00:00,0.0
2022-11-26 07:30:00,1.0
2022-11-26 08:00:00,0.0
2022-11-26 08:30:00,1.0
2022-11-26 09:00:00,0.0
2022-11-26 09:30:00,1.0
2022-11-26 10:00:00,0.0
2022-11-26 10:30:00,0.0
2022-11-26 11:00:00,0.0
2022-11-26 11:30:00,0.0
2022-11-26 12:00:00,6.0
2022-11-26 12:30:00,6.0
2022-11-26 13:00:00,4.0
2022-11-26 13:30:00,4.0
2022-11-26 14:00:00,1.0
2022-11-26 14:30:00,1.0
2022-11-26 15:00:00,1.0
2022-11-26 15:30:00,2.0
2022-11-26 16:00:00,1.0
2022-11-26 16:30:00,0.0
2022-11-26 17:00:00,1.0
2022-11-26 17:30:00,0.0
2022-11-26 18:00:00,5.0
2022-11-26 18:30:00,2.0
2022-11-26 19:00:00,4.0
2022-11-26 19:30:00,4.0
2022-11-26 20:00:00,1.0
2022-11-26 20:30:00,0.0
2022-11-26 21:00:00,0.0
2022-11-26 21:30:00,0.0
2022-11-27 06:00:00,1.0
2022-11-27 06:30:00,1.0
2022-11-27 07:00:00,0.0
2022-11-27 07:30:00,0.0
2022-11-27 08:00:00,0.0
2022-11-27 08:30:00,0.0
2022-11-27 09:00:00,0.0
2022-11-27 09:30:00,0.0
2022-11-27 10:00:00,0.0
2022-11-27 10:30:00,0.0
2022-11-27 11:00:00,0.0
2022-11-27 11:30:00,1.0
2022-11-27 12:00:00,3.0
2022-11-27 12:30:00,4.0
2022-11-27 13:00:00,4.0
2022-11-27 13:30:00,4.0
2022-11-27 14:00:00,1.0
2022-11-27 14:30:00,1.0
2022-11-27 15:00:00,0.0
2022-11-27 15:30:00,1.0
2022-11-27 16:00:00,0.0
2022-11-27 16:30:00,1.0
2022-11-27 17:00:00,0.0
2022-11-27 17:30:00,0.0
2022-11-27 18:00:00,3.0
2022-11-27 18:30:00,3.0
2022-11-27 19:00:00,4.0
2022-11-27 19:30:00,3.0
2022-11-27 20:00:00,1.0
2022-11-27 20:30:00,0.0
2022-11-27 21:00:00,0.0
2022-11-27 21:30:00,1.0
2022-11-28 06:00:00,1.0
2022-11-28 06:30:00,0.0
2022-11-28 07:00:00,0.0
2022-11-28 07:30:00,0.0
2022-11-28 08:00:00,0.0
2022-11-28 08:30:00,0.0
2022-11-28 09:00:00,1.0
2022-11-28 09:30:00,0.0
2022-11-28 10:00:00,0.0
2022-11-28 10:30:00,2.0
2022-11-28 11:00:00,1.0
2022-11-28 11:30:00,1.0
2022-11-28 12:00:00,5.0
2022-11-28 12:30:00,5.0
2022-11-28 13:00:00,3.0
2022-11-28 13:30:00,6.0
2022-11-28 14:00:00,1.0
2022-11-28 14:30:00,0.0
2022-11-28 15:00:00,0.0
2022-11-28 15:30:00,0.0
2022-11-28 16:00:00,0.0
2022-11-28 16:30:00,0.0
2022-11-28 17:00:00,0.0
2022-11-28 17:30:00,2.0
2022-11-28 18:00:00,5.0
2022-11-28 18:30:00,3.0
2022-11-28 19:00:00,4.0
2022-11-28 19:30:00,5.0
2022-11-28 20:00:00,0.0
2022-11-28 20:30:00,0.0
2022-11-28 21:00:00,1.0
2022-11-28 21:30:00,0.0
2022-11-29 06:00:00,0.0
2022-11-29 06:30:00,1.0
2022-11-29 07:00:00,1.0
2022-11-29 07:30:00,0.0
2022-11-29 08:00:00,0.0
2022-11-29 08:30:00,0.0
2022-11-29 09:00:00,0.0
2022-11-29 09:30:00,0.0
2022-11-29 10:00:00,0.0
2022-11-29 10:30:00,0.0
2022-11-29 11:00:00,1.0
2022-11-29 11:30:00,0.0
2022-11-29 12:00:00,4.0
2022-11-29 12:30:00,4.0
2022-11-29 13:00:00,5.0
2022-11-29 13:30:00,4.0
2022-11-29 14:00:00,0.0
2022-11-29 14:30:00,0.0
2022-11-29 15:00:00,0.0
2022-11-29 15:30:00,0.0
2022-11-29 16:00:00,0.0
2022-11-29 16:30:00,0.0
2022-11-29 17:00:00,0.0
2022-11-29 17:30:00,0.0
2022-11-29 18:00:00,3.0
2022-11-29 18:30:00,6.0
2022-11-29 19:00:00,5.0
2022-11-29 19:30:00,5.0
2022-11-29 20:00:00,0.0
2022-11-29 20:30:00,0.0
2022-11-29 21:00:00,0.0
2022-11-29 21:30:00,0.0
2022-11-30 06:00:00,0.0
2022-11-30 06:30:00,0.0
2022-11-30 07:00:00,1.0
2022-11-30 07:30:00,0.0
2022-11-30 08:00:00,0.0
2022-11-30 08:30:00,2.0
2022-11-30 09:00:00,0.0
2022-11-30 09:30:00,0.0
2022-11-30 10:00:00,0.0
2022-11-30 10:30:00,0.0
2022-11-30 11:00:00,1.0
2022-11-30 11:30:00,0.0
2022-11-30 12:00:00,4.0
2022-11-30 12:30:00,5.0
2022-11-30 13:00:00,4.0
2022-11-30 13:30:00,5.0
2022-11-30 14:00:00,2.0
2022-11-30 14:30:00,1.0
2022-11-30 15:00:00,2.0
2022-11-30 15:30:00,0.0
2022-11-30 16:00:00,0.0
2022-11-30 16:30:00,0.0
2022-11-30 17:00:00,1.0
2022-11-30 17:30:00,1.0
2022-11-30 18:00:00,4.0
2022-11-30 18:30:00,4.0
2022-11-30 19:00:00,5.0
2022-11-30 19:30:00,4.0
2022-11-30 20:00:00,0.0
2022-11-30 20:30:00,0.0
2022-11-30 21:00:00,0.0
2022-11-30 21:30:00,1.0
2022-12-01 06:00:00,1.0
2022-12-01 06:30:00,0.0
2022-12-01 07:00:00,0.0
2022-12-01 07:30:00,2.0
2022-12-01 08:00:00,0.0
2022-12-01 08:30:00,0.0
2022-12-01 09:00:00,1.0
2022-12-01 09:30:00,1.0
2022-12-01 10:00:00,1.0
2022-12-01 10:30:00,0.0
2022-12-01 11:00:00,0.0
2022-12-01 11:30:00,0.0
2022-12-01 12:00:00,3.0
2022-12-01 12:30:00,4.0
2022-12-01 13:00:00,5.0
2022-12-01 13:30:00,4.0
2022-12-01 14:00:00,0.0
2022-12-01 14:30:00,1.0
2022-12-01 15:00:00,0.0
2022-12-01 15:30:00,0.0
2022-12-01 16:00:00,1.0
2022-12-01 16:30:00,0.0
2022-12-01 17:00:00,0.0
2022-12-01 17:30:00,1.0
2022-12-01 18:00:00,3.0
2022-12-01 18:30:00,4.0
2022-12-01 19:00:00,3.0
2022-12-01 19:30:00,5.0
2022-12-01 20:00:00,0.0
2022-12-01 20:30:00,0.0
2022-12-01 21:00:00,1.0
2022-12-01 21:30:00,0.0
2022-12-02 06:00:00,0.0
2022-12-02 06:30:00,3.0
2022-12-02 07:00:00,0.0
2022-12-02 07:30:00,1.0
2022-12-02 08:00:00,1.0
2022-12-02 08:30:00,0.0
2022-12-02 09:00:00,0.0
2022-12-02 09:30:00,0.0
2022-12-02 10:00:00,1.0
2022-12-02 10:30:00,1.0
2022-12-02 11:00:00,0.0
2022-12-02 11:30:00,0.0
2022-12-02 12:00:00,4.0
2022-12-02 12:30:00,4.0
2022-12-02 13:00:00,3.0
2022-12-02 13:30:00,4.0
2022-12-02 14:00:00,1.0
2022-12-02 14:30:00,0.0
2022-12-02 15:00:00,2.0
2022-12-02 15:30:00,2.0
2022-12-02 16:00:00,0.0
2022-12-02 16:30:00,0.0
2022-12-02 17:00:00,1.0
2022-12-02 17:30:00,0.0
2022-12-02 18:00:00,4.0
2022-12-02 18:30:00,6.0
2022-12-02 19:00:00,4.0
2022-12-02 19:30:00,3.0
2022-12-02 20:00:00,1.0
2022-12-02 20:30:00,0.0
2022-12-02 21:00:00,1.0
2022-12-02 21:30:00,0.0
2022-12-03 06:00:00,0.0
2022-12-03 06:30:00,0.0
2022-12-03 07:00:00,0.0
2022-12-03 07:30:00,0.0
2022-12-03 08:00:00,0.0
2022-12-03 08:30:00,0.0
2022-12-03 09:00:00,1.0
2022-12-03 09:30:00,2.0
2022-12-03 10:00:00,0.0
2022-12-03 10:30:00,0.0
2022-12-03 11:00:00,0.0
2022-12-03 11:30:00,0.0
2022-12-03 12:00:00,2.0
2022-12-03 12:30:00,5.0
2022-12-03 13:00:00,3.0
2022-12-03 13:30:00,4.0
2022-12-03 14:00:00,0.0
2022-12-03 14:30:00,0.0
2022-12-03 15:00:00,0.0
2022-12-03 15:30:00,2.0
2022-12-03 16:00:00,0.0
2022-12-03 16:30:00,0.0
2022-12-03 17:00:00,0.0
2022-12-03 17:30:00,0.0
2022-12-03 18:00:00,5.0
2022-12-03 18:30:00,5.0
2022-12-03 19:00:00,5.0
2022-12-03 19:30:00,6.0
2022-12-03 20:00:00,0.0
2022-12-03 20:30:00,0.0
2022-12-03 21:00:00,1.0
2022-12-03 21:30:00,1.0
2022-12-04 06:00:00,0.0
2022-12-04 06:30:00,0.0
2022-12-04 07:00:00,2.0
2022-12-04 07:30:00,0.0
2022-12-04 08:00:00,0.0
2022-12-04 08:30:00,0.0
2022-12-04 09:00:00,1.0
2022-12-04 09:30:00,0.0
2022-12-04 10:00:00,0.0
2022-12-04 10:30:00,0.0
2022-12-04 11:00:00,1.0
2022-12-04 11:30:00,0.0
2022-12-04 12:00:00,5.0
2022-12-04 12:30:00,5.0
2022-12-04 13:00:00,2.0
2022-12-04 13:30:00,4.0
2022-12-04 14:00:00,0.0
2022-12-04 14:30:00,1.0
2022-12-04 15:00:00,1.0
2022-12-04 15:30:00,0.0
2022-12-04 16:00:00,1.0
2022-12-04 16:30:00,0.0
2022-12-04 17:00:00,0.0
2022-12-04 17:30:00,0.0
2022-12-04 18:00:00,4.0
2022-12-04 18:30:00,2.0
2022-12-04 19:00:00,3.0
2022-12-04 19:30:00,3.0
2022-12-04 20:00:00,1.0
2022-12-04 20:30:00,0.0
2022-12-04 21:00:00,1.0
2022-12-04 21:30:00,0.0
2022-12-05 06:00:00,0.0
2022-12-05 06:30:00,0.0
2022-12-05 07:00:00,1.0
2022-12-05 07:30:00,1.0
2022-12-05 08:00:00,0.0
2022-12-05 08:30:00,0.0
2022-12-05 09:00:00,2.0
2022-12-05 09:30:00,0.0
2022-12-05 10:00:00,1.0
2022-12-05 10:30:00,0.0
2022-12-05 11:00:00,0.0
2022-12-05 11:30:00,0.0
2022-12-05 12:00:00,4.0
2022-12-05 12:30:00,3.0
2022-12-05 13:00:00,3.0
2022-12-05 13:30:00,3.0
2022-12-05 14:00:00,1.0
2022-12-05 14:30:00,1.0
2022-12-05 15:00:00,0.0
2022-12-05 15:30:00,1.0
2022-12-05 16:00:00,0.0
2022-12-05 16:30:00,0.0
2022-12-05 17:00:00,0.0
2022-12-05 17:30:00,0.0
2022-12-05 18:00:00,3.0
2022-12-05 18:30:00,5.0
2022-12-05 19:00:00,5.0
2022-12-05 19:30:00,4.0
2022-12-05 20:00:00,0.0
2022-12-05 20:30:00,1.0
2022-12-05 21:00:00,0.0
2022-12-05 21:30:00,0.0
2022-12-06 06:00:00,0.0
2022-12-06 06:30:00,0.0
2022-12-06 07:00:00,2.0
2022-12-06 07:30:00,0.0
2022-12-06 08:00:00,0.0
2022-12-06 08:30:00,1.0
2022-12-06 09:00:00,1.0
2022-12-06 09:30:00,0.0
2022-12-06 10:00:00,1.0
2022-12-06 10:30:00,0.0
2022-12-06 11:00:00,0.0
2022-12-06 11:30:00,0.0
2022-12-06 12:00:00,4.0
2022-12-06 12:30:00,3.0
2022-12-06 13:00:00,5.0
2022-12-06 13:30:00,3.0
2022-12-06 14:00:00,0.0
2022-12-06 14:30:00,0.0
2022-12-06 15:00:00,0.0
2022-12-06 15:30:00,0.0
2022-12-06 16:00:00,1.0
2022-12-06 16:30:00,1.0
2022-12-06 17:00:00,0.0
2022-12-06 17:30:00,0.0
2022-12-06 18:00:00,4.0
2022-12-06 18:30:00,3.0
2022-12-06 19:00:00,4.0
2022-12-06 19:30:00,5.0
2022-12-06 20:00:00,0.0
2022-12-06 20:30:00,1.0
2022-12-06 21:00:00,1.0
2022-12-06 21:30:00,0.0
2022-12-07 06:00:00,2.0
2022-12-07 06:30:00,0.0
2022-12-07 07:00:00,0.0
2022-12-07 07:30:00,0.0
2022-12-07 08:00:00,0.0
2022-12-07 08:30:00,1.0
2022-12-07 09:00:00,0.0
2022-12-07 09:30:00,3.0
2022-12-07 10:00:00,0.0
2022-12-07 10:30:00,0.0
2022-12-07 11:00:00,0.0
2022-12-07 11:30:00,2.0
2022-12-07 12:00:00,4.0
2022-12-07 12:30:00,7.0
2022-12-07 13:00:00,5.0
2022-12-07 13:30:00,3.0
2022-12-07 14:00:00,0.0
2022-12-07 14:30:00,0.0
2022-12-07 15:00:00,1.0
2022-12-07 15:30:00,0.0
2022-12-07 16:00:00,0.0
2022-12-07 16:30:00,0.0
2022-12-07 17:00:00,0.0
2022-12-07 17:30:00,0.0
2022-12-07 18:00:00,4.0
2022-12-07 18:30:00,5.0
2022-12-07 19:00:00,4.0
2022-12-07 19:30:00,4.0
2022-12-07 20:00:00,0.0
2022-12-07 20:30:00,0.0
2022-12-07 21:00:00,0.0
2022-12-07 21:30:00,0.0
2022-12-08 06:00:00,2.0
2022-12-08 06:30:00,1.0
2022-12-08 07:00:00,1.0
2022-12-08 07:30:00,0.0
2022-12-08 08:00:00,0.0
2022-12-08 08:30:00,1.0
2022-12-08 09:00:00,0.0
2022-12-08 09:30:00,1.0
2022-12-08 10:00:00,1.0
2022-12-08 10:30:00,0.0
2022-12-08 11:00:00,1.0
2022-12-08 11:30:00,0.0
2022-12-08 12:00:00,4.0
2022-12-08 12:30:00,5.0
2022-12-08 13:00:00,5.0
2022-12-08 13:30:00,3.0
2022-12-08 14:00:00,0.0
2022-12-08 14:30:00,1.0
2022-12-08 15:00:00,0.0
2022-12-08 15:30:00,0.0
2022-12-08 16:00:00,0.0
2022-12-08 16:30:00,0.0
2022-12-08 17:00:00,0.0
2022-12-08 17:30:00,0.0
2022-12-08 18:00:00,3.0
2022-12-08 18:30:00,3.0
2022-12-08 19:00:00,2.0
2022-12-08 19:30:00,2.0
2022-12-08 20:00:00,0.0
2022-12-08 20:30:00,1.0
2022-12-08 21:00:00,1.0
2022-12-08 21:30:00,0.0
2022-12-09 06:00:00,1.0
2022-12-09 06:30:00,0.0
2022-12-09 07:00:00,0.0
2022-12-09 07:30:00,0.0
2022-12-09 08:00:00,2.0
2022-12-09 08:30:00,0.0
2022-12-09 09:00:00,0.0
2022-12-09 09:30:00,0.0
2022-12-09 10:00:00,0.0
2022-12-09 10:30:00,0.0
2022-12-09 11:00:00,2.0
2022-12-09 11:30:00,1.0
2022-12-09 12:00:00,5.0
2022-12-09 12:30:00,4.0
2022-12-09 13:00:00,5.0
2022-12-09 13:30:00,5.0
2022-12-09 14:00:00,1.0
2022-12-09 14:30:00,0.0
2022-12-09 15:00:00,1.0
2022-12-09 15:30:00,2.0
2022-12-09 16:00:00,2.0
2022-12-09 16:30:00,1.0
2022-12-09 17:00:00,0.0
2022-12-09 17:30:00,2.0
2022-12-09 18:00:00,3.0
2022-12-09 18:30:00,3.0
2022-12-09 19:00:00,4.0
2022-12-09 19:30:00,4.0
2022-12-09 20:00:00,0.0
2022-12-09 20:30:00,0.0
2022-12-09 21:00:00,1.0
2022-12-09 21:30:00,0.0
2022-12-10 06:00:00,1.0
2022-12-10 06:30:00,1.0
2022-12-10 07:00:00,0.0
2022-12-10 07:30:00,1.0
2022-12-10 08:00:00,0.0
2022-12-10 08:30:00,0.0
2022-12-10 09:00:00,0.0
2022-12-10 09:30:00,0.0
2022-12-10 10:00:00,0.0
2022-12-10 10:30:00,2.0
2022-12-10 11:00:00,0.0
2022-12-10 11:30:00,1.0
2022-12-10 12:00:00,3.0
2022-12-10 12:30:00,2.0
2022-12-10 13:00:00,5.0
2022-12-10 13:30:00,4.0
2022-12-10 14:00:00,0.0
2022-12-10 14:30:00,1.0
2022-12-10 15:00:00,0.0
2022-12-10 15:30:00,0.0
2022-12-10 16:00:00,1.0
2022-12-10 16:30:00,0.0
2022-12-10 17:00:00,1.0
2022-12-10 17:30:00,0.0
2022-12-10 18:00:00,3.0
2022-12-10 18:30:00,3.0
2022-12-10 19:00:00,4.0
2022-12-10 19:30:00,5.0
2022-12-10 20:00:00,0.0
2022-12-10 20:30:00,0.0
2022-12-10 21:00:00,1.0
2022-12-10 21:30:00,0.0
2022-12-11 06:00:00,0.0
2022-12-11 06:30:00,1.0
2022-12-11 07:00:00,1.0
2022-12-11 07:30:00,0.0
2022-12-11 08:00:00,0.0
2022-12-11 08:30:00,0.0
2022-12-11 09:00:00,0.0
2022-12-11 09:30:00,0.0
2022-12-11 10:00:00,1.0
2022-12-11 10:30:00,0.0
2022-12-11 11:00:00,0.0
2022-12-11 11:30:00,0.0
2022-12-11 12:00:00,3.0
2022-12-11 12:30:00,4.0
2022-12-11 13:00:00,5.0
2022-12-11 13:30:00,3.0
2022-12-11 14:00:00,0.0
2022-12-11 14:30:00,1.0
2022-12-11 15:00:00,0.0
2022-12-11 15:30:00,0.0
2022-12-11 16:00:00,0.0
2022-12-11 16:30:00,0.0
2022-12-11 17:00:00,0.0
2022-12-11 17:30:00,1.0
2022-12-11 18:00:00,4.0
2022-12-11 18:30:00,4.0
2022-12-11 19:00:00,4.0
2022-12-11 19:30:00,5.0
2022-12-11 20:00:00,1.0
2022-12-11 20:30:00,4.0
2022-12-11 21:00:00,0.0
2022-12-11 21:30:00,0.0
2022-12-12 06:00:00,0.0
2022-12-12 06:30:00,1.0
2022-12-12 07:00:00,0.0
2022-12-12 07:30:00,0.0
2022-12-12 08:00:00,1.0
2022-12-12 08:30:00,0.0
2022-12-12 09:00:00,1.0
2022-12-12 09:30:00,1.0
2022-12-12 10:00:00,1.0
2022-12-12 10:30:00,0.0
2022-12-12 11:00:00,0.0
2022-12-12 11:30:00,0.0
2022-12-12 12:00:00,5.0
2022-12-12 12:30:00,5.0
2022-12-12 13:00:00,4.0
2022-12-12 13:30:00,3.0
2022-12-12 14:00:00,0.0
2022-12-12 14:30:00,0.0
2022-12-12 15:00:00,0.0
2022-12-12 15:30:00,2.0
2022-12-12 16:00:00,1.0
2022-12-12 16:30:00,1.0
2022-12-12 17:00:00,1.0
2022-12-12 17:30:00,0.0
2022-12-12 18:00:00,3.0
2022-12-12 18:30:00,4.0
2022-12-12 19:00:00,4.0
2022-12-12 19:30:00,5.0
2022-12-12 20:00:00,0.0
2022-12-12 20:30:00,0.0
2022-12-12 21:00:00,1.0
2022-12-12 21:30:00,0.0
2022-12-13 06:00:00,0.0
2022-12-13 06:30:00,2.0
2022-12-13 07:00:00,0.0
2022-12-13 07:30:00,0.0
2022-12-13 08:00:00,1.0
2022-12-13 08:30:00,0.0
2022-12-13 09:00:00,0.0
2022-12-13 09:30:00,1.0
2022-12-13 10:00:00,0.0
2022-12-13 10:30:00,0.0
2022-12-13 11:00:00,0.0
2022-12-13 11:30:00,0.0
2022-12-13 12:00:00,4.0
2022-12-13 12:30:00,5.0
2022-12-13 13:00:00,2.0
2022-12-13 13:30:00,7.0
2022-12-13 14:00:00,0.0
2022-12-13 14:30:00,0.0
2022-12-13 15:00:00,0.0
2022-12-13 15:30:00,1.0
2022-12-13 16:00:00,0.0
2022-12-13 16:30:00,0.0
2022-12-13 17:00:00,0.0
2022-12-13 17:30:00,0.0
2022-12-13 18:00:00,4.0
2022-12-13 18:30:00,3.0
2022-12-13 19:00:00,4.0
2022-12-13 19:30:00,5.0
2022-12-13 20:00:00,0.0
2022-12-13 20:30:00,0.0
2022-12-13 21:00:00,1.0
2022-12-13 21:30:00,1.0
2022-12-14 06:00:00,0.0
2022-12-14 06:30:00,0.0
2022-12-14 07:00:00,1.0
2022-12-14 07:30:00,1.0
2022-12-14 08:00:00,0.0
2022-12-14 08:30:00,0.0
2022-12-14 09:00:00,0.0
2022-12-14 09:30:00,1.0
2022-12-14 10:00:00,0.0
2022-12-14 10:30:00,0.0
2022-12-14 11:00:00,1.0
2022-12-14 11:30:00,0.0
2022-12-14 12:00:00,4.0
2022-12-14 12:30:00,3.0
2022-12-14 13:00:00,4.0
2022-12-14 13:30:00,5.0
2022-12-14 14:00:00,0.0
2022-12-14 14:30:00,1.0
2022-12-14 15:00:00,0.0
2022-12-14 15:30:00,1.0
2022-12-14 16:00:00,1.0
2022-12-14 16:30:00,0.0
2022-12-14 17:00:00,1.0
2022-12-14 17:30:00,0.0
2022-12-14 18:00:00,4.0
2022-12-14 18:30:00,4.0
2022-12-14 19:00:00,3.0
2022-12-14 19:30:00,3.0
2022-12-14 20:00:00,0.0
2022-12-14 20:30:00,0.0
2022-12-14 21:00:00,0.0
2022-12-14 21:30:00,0.0
2022-12-15 06:00:00,0.0
2022-12-15 06:30:00,0.0
2022-12-15 07:00:00,0.0
2022-12-15 07:30:00,0.0
2022-12-15 08:00:00,0.0
2022-12-15 08:30:00,1.0
2022-12-15 09:00:00,2.0
2022-12-15 09:30:00,0.0
2022-12-15 10:00:00,0.0
2022-12-15 10:30:00,0.0
2022-12-15 11:00:00,0.0
2022-12-15 11:30:00,1.0
2022-12-15 12:00:00,4.0
2022-12-15 12:30:00,5.0
2022-12-15 13:00:00,3.0
2022-12-15 13:30:00,3.0
2022-12-15 14:00:00,0.0
2022-12-15 14:30:00,0.0
2022-12-15 15:00:00,2.0
2022-12-15 15:30:00,1.0
2022-12-15 16:00:00,1.0
2022-12-15 16:30:00,0.0
2022-12-15 17:00:00,0.0
2022-12-15 17:30:00,0.0
2022-12-15 18:00:00,5.0
2022-12-15 18:30:00,3.0
2022-12-15 19:00:00,5.0
2022-12-15 19:30:00,5.0
2022-12-15 20:00:00,2.0
2022-12-15 20:30:00,1.0
2022-12-15 21:00:00,2.0
2022-12-15 21:30:00,0.0
2022-12-16 06:00:00,0.0
2022-12-16 06:30:00,0.0
2022-12-16 07:00:00,1.0
2022-12-16 07:30:00,0.0
2022-12-16 08:00:00,1.0
2022-12-16 08:30:00,0.0
2022-12-16 09:00:00,0.0
2022-12-16 09:30:00,1.0
2022-12-16 10:00:00,1.0
2022-12-16 10:30:00,1.0
2022-12-16 11:00:00,1.0
2022-12-16 11:30:00,0.0
2022-12-16 12:00:00,5.0
2022-12-16 12:30:00,5.0
2022-12-16 13:00:00,4.0
2022-12-16 13:30:00,3.0
2022-12-16 14:00:00,0.0
2022-12-16 14:30:00,0.0
2022-12-16 15:00:00,0.0
2022-12-16 15:30:00,0.0
2022-12-16 16:00:00,1.0
2022-12-16 16:30:00,1.0
2022-12-16 17:00:00,0.0
2022-12-16 17:30:00,0.0
2022-12-16 18:00:00,6.0
2022-12-16 18:30:00,2.0
2022-12-16 19:00:00,4.0
2022-12-16 19:30:00,4.0
2022-12-16 20:00:00,0.0
2022-12-16 20:30:00,0.0
2022-12-16 21:00:00,0.0
2022-12-16 21:30:00,2.0
2022-12-17 06:00:00,0.0
2022-12-17 06:30:00,0.0
2022-12-17 07:00:00,0.0
2022-12-17 07:30:00,0.0
2022-12-17 08:00:00,0.0
2022-12-17 08:30:00,0.0
2022-12-17 09:00:00,1.0
2022-12-17 09:30:00,0.0
2022-12-17 10:00:00,0.0
2022-12-17 10:30:00,0.0
2022-12-17 11:00:00,2.0
2022-12-17 11:30:00,0.0
2022-12-17 12:00:00,5.0
2022-12-17 12:30:00,4.0
2022-12-17 13:00:00,3.0
2022-12-17 13:30:00,4.0
2022-12-17 14:00:00,0.0
2022-12-17 14:30:00,0.0
2022-12-17 15:00:00,0.0
2022-12-17 15:30:00,0.0
2022-12-17 16:00:00,0.0
2022-12-17 16:30:00,0.0
2022-12-17 17:00:00,0.0
2022-12-17 17:30:00,0.0
2022-12-17 18:00:00,4.0
2022-12-17 18:30:00,4.0
2022-12-17 19:00:00,5.0
2022-12-17 19:30:00,5.0
2022-12-17 20:00:00,0.0
2022-12-17 20:30:00,1.0
2022-12-17 21:00:00,0.0
2022-12-17 21:30:00,0.0
2022-12-18 06:00:00,0.0
2022-12-18 06:30:00,1.0
2022-12-18 07:00:00,0.0
2022-12-18 07:30:00,1.0
2022-12-18 08:00:00,1.0
2022-12-18 08:30:00,0.0
2022-12-18 09:00:00,0.0
2022-12-18 09:30:00,1.0
2022-12-18 10:00:00,0.0
2022-12-18 10:30:00,0.0
2022-12-18 11:00:00,0.0
2022-12-18 11:30:00,0.0
2022-12-18 12:00:00,3.0
2022-12-18 12:30:00,4.0
2022-12-18 13:00:00,4.0
2022-12-18 13:30:00,4.0
2022-12-18 14:00:00,1.0
2022-12-18 14:30:00,0.0
2022-12-18 15:00:00,0.0
2022-12-18 15:30:00,0.0
2022-12-18 16:00:00,0.0
2022-12-18 16:30:00,1.0
2022-12-18 17:00:00,1.0
2022-12-18 17:30:00,0.0
2022-12-18 18:00:00,4.0
2022-12-18 18:30:00,3.0
2022-12-18 19:00:00,4.0
2022-12-18 19:30:00,5.0
2022-12-18 20:00:00,1.0
2022-12-18 20:30:00,1.0
2022-12-18 21:00:00,0.0
2022-12-18 21:30:00,1.0
2022-12-19 06:00:00,1.0
2022-12-19 06:30:00,0.0
2022-12-19 07:00:00,1.0
2022-12-19 07:30:00,0.0
2022-12-19 08:00:00,0.0
2022-12-19 08:30:00,0.0
2022-12-19 09:00:00,0.0
2022-12-19 09:30:00,0.0
2022-12-19 10:00:00,0.0
2022-12-19 10:30:00,0.0
2022-12-19 11:00:00,0.0
2022-12-19 11:30:00,0.0
2022-12-19 12:00:00,5.0
2022-12-19 12:30:00,3.0
2022-12-19 13:00:00,5.0
2022-12-19 13:30:00,5.0
2022-12-19 14:00:00,1.0
2022-12-19 14:30:00,0.0
2022-12-19 15:00:00,1.0
2022-12-19 15:30:00,0.0
2022-12-19 16:00:00,1.0
2022-12-19 16:30:00,0.0
2022-12-19 17:00:00,0.0
2022-12-19 17:30:00,1.0
2022-12-19 18:00:00,4.0
2022-12-19 18:30:00,4.0
2022-12-19 19:00:00,5.0
2022-12-19 19:30:00,5.0
2022-12-19 20:00:00,1.0
2022-12-19 20:30:00,1.0
2022-12-19 21:00:00,0.0
2022-12-19 21:30:00,0.0
2022-12-20 06:00:00,0.0
2022-12-20 06:30:00,2.0
2022-12-20 07:00:00,0.0
2022-12-20 07:30:00,0.0
2022-12-20 08:00:00,0.0
2022-12-20 08:30:00,1.0
2022-12-20 09:00:00,0.0
2022-12-20 09:30:00,0.0
2022-12-20 10:00:00,1.0
2022-12-20 10:30:00,0.0
2022-12-20 11:00:00,0.0
2022-12-20 11:30:00,0.0
2022-12-20 12:00:00,6.0
2022-12-20 12:30:00,5.0
2022-12-20 13:00:00,4.0
2022-12-20 13:30:00,4.0
2022-12-20 14:00:00,0.0
2022-12-20 14:30:00,0.0
2022-12-20 15:00:00,0.0
2022-12-20 15:30:00,0.0
2022-12-20 16:00:00,0.0
2022-12-20 16:30:00,0.0
2022-12-20 17:00:00,1.0
2022-12-20 17:30:00,0.0
2022-12-20 18:00:00,3.0
2022-12-20 18:30:00,4.0
2022-12-20 19:00:00,5.0
2022-12-20 19:30:00,5.0
2022-12-20 20:00:00,0.0
2022-12-20 20:30:00,0.0
2022-12-20 21:00:00,1.0
2022-12-20 21:30:00,0.0
2022-12-21 06:00:00,1.0
2022-12-21 06:30:00,0.0
2022-12-21 07:00:00,0.0
2022-12-21 07:30:00,0.0
2022-12-21 08:00:00,0.0
2022-12-21 08:30:00,1.0
2022-12-21 09:00:00,0.0
2022-12-21 09:30:00,0.0
2022-12-21 10:00:00,2.0
2022-12-21 10:30:00,0.0
2022-12-21 11:00:00,0.0
2022-12-21 11:30:00,0.0
2022-12-21 12:00:00,2.0
2022-12-21 12:30:00,3.0
2022-12-21 13:00:00,4.0
2022-12-21 13:30:00,6.0
2022-12-21 14:00:00,0.0
2022-12-21 14:30:00,0.0
2022-12-21 15:00:00,0.0
2022-12-21 15:30:00,0.0
2022-12-21 16:00:00,0.0
2022-12-21 16:30:00,1.0
2022-12-21 17:00:00,0.0
2022-12-21 17:30:00,0.0
2022-12-21 18:00:00,5.0
2022-12-21 18:30:00,5.0
2022-12-21 19:00:00,4.0
2022-12-21 19:30:00,4.0
2022-12-21 20:00:00,0.0
2022-12-21 20:30:00,0.0
2022-12-21 21:00:00,0.0
2022-12-21 21:30:00,1.0
2022-12-22 06:00:00,0.0
2022-12-22 06:30:00,2.0
2022-12-22 07:00:00,1.0
2022-12-22 07:30:00,0.0
2022-12-22 08:00:00,0.0
2022-12-22 08:30:00,0.0
2022-12-22 09:00:00,1.0
2022-12-22 09:30:00,0.0
2022-12-22 10:00:00,1.0
2022-12-22 10:30:00,0.0
2022-12-22 11:00:00,1.0
2022-12-22 11:30:00,0.0
2022-12-22 12:00:00,4.0
2022-12-22 12:30:00,3.0
2022-12-22 13:00:00,3.0
2022-12-22 13:30:00,5.0
2022-12-22 14:00:00,0.0
2022-12-22 14:30:00,2.0
2022-12-22 15:00:00,0.0
2022-12-22 15:30:00,0.0
2022-12-22 16:00:00,0.0
2022-12-22 16:30:00,0.0
2022-12-22 17:00:00,0.0
2022-12-22 17:30:00,0.0
2022-12-22 18:00:00,4.0
2022-12-22 18:30:00,3.0
2022-12-22 19:00:00,4.0
2022-12-22 19:30:00,4.0
2022-12-22 20:00:00,0.0
2022-12-22 20:30:00,0.0
2022-12-22 21:00:00,0.0
2022-12-22 21:30:00,0.0
2022-12-23 06:00:00,2.0
2022-12-23 06:30:00,0.0
2022-12-23 07:00:00,1.0
2022-12-23 07:30:00,0.0
2022-12-23 08:00:00,1.0
2022-12-23 08:30:00,0.0
2022-12-23 09:00:00,2.0
2022-12-23 09:30:00,1.0
2022-12-23 10:00:00,0.0
2022-12-23 10:30:00,0.0
2022-12-23 11:00:00,0.0
2022-12-23 11:30:00,0.0
2022-12-23 12:00:00,4.0
2022-12-23 12:30:00,4.0
2022-12-23 13:00:00,6.0
2022-12-23 13:30:00,3.0
2022-12-23 14:00:00,0.0
2022-12-23 14:30:00,0.0
2022-12-23 15:00:00,0.0
2022-12-23 15:30:00,1.0
2022-12-23 16:00:00,0.0
2022-12-23 16:30:00,0.0
2022-12-23 17:00:00,0.0
2022-12-23 17:30:00,0.0
2022-12-23 18:00:00,3.0
2022-12-23 18:30:00,5.0
2022-12-23 19:00:00,5.0
2022-12-23 19:30:00,5.0
2022-12-23 20:00:00,0.0
2022-12-23 20:30:00,0.0
2022-12-23 21:00:00,1.0
2022-12-23 21:30:00,0.0
2022-12-24 06:00:00,0.0
2022-12-24 06:30:00,1.0
2022-12-24 07:00:00,0.0
2022-12-24 07:30:00,0.0
2022-12-24 08:00:00,0.0
2022-12-24 08:30:00,0.0
2022-12-24 09:00:00,0.0
2022-12-24 09:30:00,0.0
2022-12-24 10:00:00,1.0
2022-12-24 10:30:00,0.0
2022-12-24 11:00:00,0.0
2022-12-24 11:30:00,0.0
2022-12-24 12:00:00,5.0
2022-12-24 12:30:00,4.0
2022-12-24 13:00:00,4.0
2022-12-24 13:30:00,2.0
2022-12-24 14:00:00,1.0
2022-12-24 14:30:00,0.0
2022-12-24 15:00:00,0.0
2022-12-24 15:30:00,1.0
2022-12-24 16:00:00,0.0
2022-12-24 16:30:00,0.0
2022-12-24 17:00:00,0.0
2022-12-24 17:30:00,0.0
2022-12-24 18:00:00,3.0
2022-12-24 18:30:00,4.0
2022-12-24 19:00:00,4.0
2022-12-24 19:30:00,3.0
2022-12-24 20:00:00,0.0
2022-12-24 20:30:00,0.0
2022-12-24 21:00:00,0.0
2022-12-24 21:30:00,0.0
2022-12-25 06:00:00,0.0
2022-12-25 06:30:00,0.0
2022-12-25 07:00:00,0.0
2022-12-25 07:30:00,0.0
2022-12-25 08:00:00,0.0
2022-12-25 08:30:00,0.0
2022-12-25 09:00:00,0.0
2022-12-25 09:30:00,0.0
2022-12-25 10:00:00,0.0
2022-12-25 10:30:00,0.0
2022-12-25 11:00:00,0.0
2022-12-25 11:30:00,1.0
2022-12-25 12:00:00,5.0
2022-12-25 12:30:00,3.0
2022-12-25 13:00:00,5.0
2022-12-25 13:30:00,4.0
2022-12-25 14:00:00,0.0
2022-12-25 14:30:00,0.0
2022-12-25 15:00:00,1.0
2022-12-25 15:30:00,0.0
2022-12-25 16:00:00,0.0
2022-12-25 16:30:00,0.0
2022-12-25 17:00:00,0.0
2022-12-25 17:30:00,1.0
2022-12-25 18:00:00,4.0
2022-12-25 18:30:00,5.0
2022-12-25 19:00:00,2.0
2022-12-25 19:30:00,3.0
2022-12-25 20:00:00,0.0
2022-12-25 20:30:00,0.0
2022-12-25 21:00:00,0.0
2022-12-25 21:30:00,0.0
2022-12-26 06:00:00,0.0
2022-12-26 06:30:00,0.0
2022-12-26 07:00:00,1.0
2022-12-26 07:30:00,0.0
2022-12-26 08:00:00,0.0
2022-12-26 08:30:00,0.0
2022-12-26 09:00:00,1.0
2022-12-26 09:30:00,0.0
2022-12-26 10:00:00,1.0
2022-12-26 10:30:00,1.0
2022-12-26 11:00:00,0.0
2022-12-26 11:30:00,2.0
2022-12-26 12:00:00,5.0
2022-12-26 12:30:00,6.0
2022-12-26 13:00:00,5.0
2022-12-26 13:30:00,4.0
2022-12-26 14:00:00,0.0
2022-12-26 14:30:00,0.0
2022-12-26 15:00:00,0.0
2022-12-26 15:30:00,1.0
2022-12-26 16:00:00,1.0
2022-12-26 16:30:00,2.0
2022-12-26 17:00:00,0.0
2022-12-26 17:30:00,0.0
2022-12-26 18:00:00,5.0
2022-12-26 18:30:00,3.0
2022-12-26 19:00:00,4.0
2022-12-26 19:30:00,4.0
2022-12-26 20:00:00,0.0
2022-12-26 20:30:00,1.0
2022-12-26 21:00:00,0.0
2022-12-26 21:30:00,1.0
2022-12-27 06:00:00,1.0
2022-12-27 06:30:00,0.0
2022-12-27 07:00:00,1.0
2022-12-27 07:30:00,1.0
2022-12-27 08:00:00,1.0
2022-12-27 08:30:00,0.0
2022-12-27 09:00:00,0.0
2022-12-27 09:30:00,0.0
2022-12-27 10:00:00,2.0
2022-12-27 10:30:00,0.0
2022-12-27 11:00:00,0.0
2022-12-27 11:30:00,1.0
2022-12-27 12:00:00,2.0
2022-12-27 12:30:00,4.0
2022-12-27 13:00:00,4.0
2022-12-27 13:30:00,2.0
2022-12-27 14:00:00,0.0
2022-12-27 14:30:00,1.0
2022-12-27 15:00:00,1.0
2022-12-27 15:30:00,0.0
2022-12-27 16:00:00,2.0
2022-12-27 16:30:00,0.0
2022-12-27 17:00:00,0.0
2022-12-27 17:30:00,0.0
2022-12-27 18:00:00,3.0
2022-12-27 18:30:00,4.0
2022-12-27 19:00:00,2.0
2022-12-27 19:30:00,4.0
2022-12-27 20:00:00,0.0
2022-12-27 20:30:00,0.0
2022-12-27 21:00:00,1.0
2022-12-27 21:30:00,0.0
2022-12-28 06:00:00,0.0
2022-12-28 06:30:00,0.0
2022-12-28 07:00:00,0.0
2022-12-28 07:30:00,0.0
2022-12-28 08:00:00,0.0
2022-12-28 08:30:00,0.0
2022-12-28 09:00:00,1.0
2022-12-28 09:30:00,0.0
2022-12-28 10:00:00,0.0
2022-12-28 10:30:00,0.0
2022-12-28 11:00:00,0.0
2022-12-28 11:30:00,1.0
2022-12-28 12:00:00,3.0
2022-12-28 12:30:00,5.0
2022-12-28 13:00:00,5.0
2022-12-28 13:30:00,4.0
2022-12-28 14:00:00,0.0
2022-12-28 14:30:00,0.0
2022-12-28 15:00:00,0.0
2022-12-28 15:30:00,0.0
2022-12-28 16:00:00,0.0
2022-12-28 16:30:00,0.0
2022-12-28 17:00:00,1.0
2022-12-28 17:30:00,1.0
2022-12-28 18:00:00,4.0
2022-12-28 18:30:00,3.0
2022-12-28 19:00:00,4.0
2022-12-28 19:30:00,3.0
2022-12-28 20:00:00,0.0
2022-12-28 20:30:00,0.0
2022-12-28 21:00:00,0.0
2022-12-28 21:30:00,0.0
2022-12-29 06:00:00,2.0
2022-12-29 06:30:00,0.0
2022-12-29 07:00:00,0.0
2022-12-29 07:30:00,0.0
2022-12-29 08:00:00,0.0
2022-12-29 08:30:00,0.0
2022-12-29 09:00:00,1.0
2022-12-29 09:30:00,1.0
2022-12-29 10:00:00,1.0
2022-12-29 10:30:00,0.0
2022-12-29 11:00:00,0.0
2022-12-29 11:30:00,0.0
2022-12-29 12:00:00,4.0
2022-12-29 12:30:00,2.0
2022-12-29 13:00:00,3.0
2022-12-29 13:30:00,3.0
2022-12-29 14:00:00,0.0
2022-12-29 14:30:00,1.0
2022-12-29 15:00:00,3.0
2022-12-29 15:30:00,0.0
2022-12-29 16:00:00,2.0
2022-12-29 16:30:00,0.0
2022-12-29 17:00:00,0.0
2022-12-29 17:30:00,0.0
2022-12-29 18:00:00,4.0
2022-12-29 18:30:00,3.0
2022-12-29 19:00:00,4.0
2022-12-29 19:30:00,3.0
2022-12-29 20:00:00,1.0
2022-12-29 20:30:00,2.0
2022-12-29 21:00:00,0.0
2022-12-29 21:30:00,1.0
2022-12-30 06:00:00,0.0
2022-12-30 06:30:00,0.0
2022-12-30 07:00:00,0.0
2022-12-30 07:30:00,1.0
2022-12-30 08:00:00,0.0
2022-12-30 08:30:00,0.0
2022-12-30 09:00:00,0.0
2022-12-30 09:30:00,1.0
2022-12-30 10:00:00,1.0
2022-12-30 10:30:00,0.0
2022-12-30 11:00:00,0.0
2022-12-30 11:30:00,2.0
2022-12-30 12:00:00,4.0
2022-12-30 12:30:00,5.0
2022-12-30 13:00:00,3.0
2022-12-30 13:30:00,5.0
2022-12-30 14:00:00,1.0
2022-12-30 14:30:00,1.0
2022-12-30 15:00:00,2.0
2022-12-30 15:30:00,1.0
2022-12-30 16:00:00,2.0
2022-12-30 16:30:00,2.0
2022-12-30 17:00:00,1.0
2022-12-30 17:30:00,1.0
2022-12-30 18:00:00,4.0
2022-12-30 18:30:00,5.0
2022-12-30 19:00:00,5.0
2022-12-30 19:30:00,4.0
2022-12-30 20:00:00,0.0
2022-12-30 20:30:00,1.0
2022-12-30 21:00:00,0.0
2022-12-30 21:30:00,0.0
2022-12-31 06:00:00,0.0
2022-12-31 06:30:00,0.0
2022-12-31 07:00:00,0.0
2022-12-31 07:30:00,1.0
2022-12-31 08:00:00,0.0
2022-12-31 08:30:00,2.0
2022-12-31 09:00:00,0.0
2022-12-31 09:30:00,1.0
2022-12-31 10:00:00,0.0
2022-12-31 10:30:00,2.0
2022-12-31 11:00:00,0.0
2022-12-31 11:30:00,1.0
2022-12-31 12:00:00,5.0
2022-12-31 12:30:00,5.0
2022-12-31 13:00:00,3.0
2022-12-31 13:30:00,4.0
2022-12-31 14:00:00,0.0
2022-12-31 14:30:00,0.0
2022-12-31 15:00:00,1.0
2022-12-31 15:30:00,1.0
2022-12-31 16:00:00,0.0
2022-12-31 16:30:00,1.0
2022-12-31 17:00:00,1.0
2022-12-31 17:30:00,1.0
2022-12-31 18:00:00,3.0
2022-12-31 18:30:00,4.0
2022-12-31 19:00:00,5.0
2022-12-31 19:30:00,2.0
2022-12-31 20:00:00,1.0
2022-12-31 20:30:00,0.0
2022-12-31 21:00:00,0.0
2022-12-31 21:30:00,2.0
